,GRB,B_o,B_o_uncert,epoch_start,epoch_end,A_V,A_V_uncert,host_model,reduced_chi2,probability,time_start,time_end,time_mid,Trigger Number
0,050525A,1.31,0.05,4.2658,4.2713,0.735,0.061,MW,0.66,0.7471483934,18441.65953791009,18676.69385644388,18559.176697176983,130088
1,050525A,0.42,0.05,2.8445,2.8609,0.032,0.018,MW,0.08,0.9887139012,699.0367367619771,725.938784607024,712.4877606845005,130088
2,050525A,0.85,0.32,2.8938,2.9085,0.05,0.103,MW,2.07,0.08183840891,783.0689431433756,810.0279416803508,796.5484424118631,130088
3,050820A,1.63,0.2,3.8597,3.8768,0.056,0.138,MW,0.71,0.5852476346,7239.357102423042,7530.087105475891,7384.722103949467,151207
4,050820A,1.52,0.11,4.1644,4.1818,0.0,0.019,MW,1.21,0.3023304555,14601.584968117855,15198.474529284791,14900.029748701323,151207
5,050820A,1.83,0.08,4.2122,4.233,0.013,0.029,LMC,0.08,0.9809999857,16300.465239848441,17100.15315090286,16700.309195375652,151207
6,050820A,2.0,0.09,4.2529,4.2648,0.026,0.021,MW,0.53,0.7123386813,17901.935992650087,18399.24489796672,18150.590445308404,151207
7,060607A,0.89,0.14,3.8614,3.8776,0.318,0.038,MW,0.14,0.9673711457,7267.750338103239,7543.970821979903,7405.860580041572,213823
8,060607A,1.78,0.2,4.168,3.8776,0.155,0.082,MW,1.56,0.141221703,14723.125024327193,7543.970821979903,11133.547923153548,213823
9,060607A,1.51,0.07,3.148,3.1629,0.223,0.027,MW,0.46,0.7617584356,1406.0475241299143,1455.1239873242425,1430.5857557270783,213823
10,070419A,-2.0,0.99,3.4452,3.4666,0.556,0.257,MW,1.04,0.392141732,2787.404520323769,2928.195035574271,2857.7997779490197,276205
11,070419A,-1.86,1.01,3.4561,3.4722,0.608,0.329,MW,2.11,0.076496007,2858.2486036727378,2966.1970592694383,2912.2228314710883,276205
12,070419A,-1.95,0.78,3.5545,3.5705,0.883,0.224,MW,0.97,0.444954024,3585.0894827655493,3719.632211619559,3652.360847192554,276205
13,071010A,2.39,0.25,5.3928,5.3992,0.146,0.216,LMC,0.4,0.3332520292,247058.6136038433,250726.36247771216,248892.48804077774,293707
14,071010A,3.08,0.2,4.8855,4.8978,0.0,0.024,LMC,1.03,0.4166992274,76824.54556792675,79031.45908644708,77928.00232718691,293707
15,071112C,0.72,0.6,2.1106,2.1206,0.0,0.038,SMC,0.09,0.9865769939,129.0030564217989,132.0079236192256,130.50549002051224,296504
16,071112C,0.7,0.02,2.1598,2.1744,0.167,0.005,SMC,0.0,0.999999798,144.47742743801024,149.41699574067007,146.94721158934016,296504
17,071112C,1.24,0.81,2.8363,2.8519,0.013,0.369,SMC,1.93,0.06001683288,685.9619085293151,711.0497695423427,698.5058390358289,296504
18,071112C,0.52,0.21,4.53,2.8519,0.002,0.153,MW,1.28,0.2568467911,33884.415613920275,711.0497695423427,17297.732691731308,296504
19,071112C,0.44,0.26,4.555,2.8519,0.0,0.134,MW,1.55,0.1837462267,35892.193464500495,711.0497695423427,18301.621617021417,296504
20,071112C,0.25,0.01,4.578,2.8519,0.107,0.006,SMC,0.0,0.9999995195,37844.258471709356,711.0497695423427,19277.654120625848,296504
21,071112C,2.32,0.85,6.176,2.8519,0.0,75.113,LMC,0.07,0.9901564439,1499684.835502374,711.0497695423427,750197.9426359582,296504
22,071112C,-0.86,0.76,2.7998,2.8108,0.166,0.2,SMC,0.45,0.811156487,630.6668447802118,646.844664171722,638.7557544759669,296504
23,071112C,-0.84,0.35,2.8445,2.8519,0.627,0.119,SMC,0.07,0.996506375,699.0367367619771,711.0497695423427,705.0432531521599,296504
24,071112C,-0.51,0.46,4.4444,4.455,0.329,0.288,LMC,0.13,0.993100448,27822.746576751222,28510.182675039097,28166.46462589516,296504
25,071112C,-2.06,0.54,53171.0,4.455,1.007,0.346,LMC,0.05,0.851189587,inf,28510.182675039097,inf,296504
26,071112C,-2.04,1.52,63226.0,4.455,1.288,1.021,LMC,0.1,0.861539108,inf,28510.182675039097,inf,296504
27,080319B,0.28,0.05,4.0976,4.1193,0.127,0.017,MW,1.37,0.180221269,12519.875206248813,13161.336711857291,12840.605959053053,306757
28,080319B,0.43,0.05,4.4401,4.4617,0.078,0.036,MW,0.45,0.848775185,27548.62960952472,28953.428647598095,28251.029128561408,306757
29,080319B,0.39,0.04,4.451,4.4617,0.07,0.027,MW,0.25,0.9414147051,28248.799749157046,28953.428647598095,28601.11419837757,306757
30,080319B,0.29,0.06,4.451,4.4678,0.059,0.06,MW,1.2,0.3013992271,28248.799749157046,29362.971257566955,28805.885503362,306757
31,080319B,0.28,0.06,4.451,4.472,0.057,0.06,MW,1.2,0.2986063362,28248.799749157046,29648.313895243453,28948.556822200248,306757
32,080319B,0.21,0.09,4.4597,4.4759,0.095,0.083,MW,1.63,0.1477573543,28820.399726719992,29915.75721530859,29368.07847101429,306757
33,080319B,0.26,0.08,4.4617,4.482,0.0,0.043,MW,1.95,0.0819228779,28953.428647598095,30338.911841942718,29646.17024477041,306757
34,080319B,0.16,0.16,4.6591,4.6784,0.01,0.083,MW,1.4,0.192244461,45614.193442198244,47686.999810177775,46650.59662618801,306757
35,080319B,-0.64,0.36,3.8579,3.8765,0.603,0.214,SMC,0.66,0.678529865,7209.414571644229,7524.887301735844,7367.150936690036,306757
36,080319B,-1.41,0.22,3.9593,3.9741,1.881,0.317,MW,1.31,0.241940924,9105.42035595527,9421.064995881912,9263.242675918591,306757
37,080319B,-0.75,0.24,4.1495,4.1688,0.597,0.105,SMC,1.17,0.301100805,14109.122364580953,14750.271017597594,14429.696691089273,306757
38,080319B,-0.22,0.17,4.3314,4.3504,0.102,0.036,SMC,1.48,0.109695979,21448.651854918033,22407.84026786055,21928.24606138929,306757
39,080319B,-0.19,0.16,4.333,4.3518,0.098,0.035,SMC,1.47,0.11277859,21527.817347243737,22480.19116362598,22004.00425543486,306757
40,080319B,-0.18,0.14,4.3456,4.367,0.836,0.164,MW,1.58,0.059977819,22161.543259597205,23280.91257665008,22721.227918123644,306757
41,080319B,-0.94,0.13,4.3518,4.3714,1.515,0.126,MW,0.73,0.76404299,22480.19116362598,23517.979095583705,22999.085129604842,306757
42,080319B,-0.99,0.13,4.3535,4.3714,1.546,0.123,MW,0.67,0.813545187,22568.35995497228,23517.979095583705,23043.16952527799,306757
43,080319B,-1.38,0.44,4.8669,4.8846,0.341,0.089,SMC,1.57,0.117498948,73603.7599060909,76665.50486891739,75134.63238750414,306757
44,080319B,-1.14,0.38,4.8722,4.8891,0.292,0.072,SMC,1.61,0.066971696,74507.50146362526,77464.01447537537,75985.75796950032,306757
45,080319B,-1.19,0.35,4.8722,4.8908,0.302,0.067,SMC,1.42,0.120289936,74507.50146362526,77767.83344557049,76137.66745459787,306757
46,080319B,-1.2,0.33,4.8722,4.8924,0.305,0.062,SMC,1.24,0.217265979,74507.50146362526,78054.86914662384,76281.18530512456,306757
47,080319B,-1.19,0.31,4.8722,4.8935,0.303,0.059,SMC,1.17,0.275761191,74507.50146362526,78252.82050666127,76380.16098514327,306757
48,080319B,-1.0,0.41,4.8739,4.8952,0.269,0.073,SMC,1.2,0.245888689,74799.72479493333,78559.73322609896,76679.72901051614,306757
49,080319B,-1.03,0.43,4.8793,4.8952,0.274,0.077,SMC,1.27,0.194267593,75735.5877274438,78559.73322609896,77147.66047677139,306757
50,080319B,-1.04,0.43,4.8793,4.8958,0.278,0.076,SMC,1.23,0.215211905,75735.5877274438,78668.34251584503,77201.9651216444,306757
51,080319B,-1.07,0.45,4.8793,4.8969,0.285,0.08,SMC,1.36,0.126163391,75735.5877274438,78867.84967745,77301.7187024469,306757
52,080319B,-1.08,0.44,4.8793,4.898,0.286,0.078,SMC,1.3,0.158069922,75735.5877274438,79067.86279998245,77401.72526371313,306757
53,080319B,-1.08,0.43,4.8793,4.8985,0.285,0.076,SMC,1.24,0.199081189,75735.5877274438,79158.94546242619,77447.26659493499,306757
54,080319B,-0.56,0.08,5.2702,5.2781,0.195,0.015,SMC,0.01,0.999837523,186294.48569616536,189714.27041737118,188004.37805676827,306757
55,080319B,-0.49,0.27,5.377,5.3929,0.004,0.102,LMC,0.01,0.999732226,238231.9469358689,247115.50750182188,242673.7272188454,306757
56,080319B,-0.83,0.27,5.3822,5.3987,0.047,0.102,LMC,0.01,0.992625629,241101.54867304116,250437.86918733423,245769.70893018768,306757
57,080319B,-1.61,0.53,5.4392,5.4545,0.313,0.104,SMC,0.49,0.745259955,274915.98965510365,284773.78001737484,279844.8848362393,306757
58,080413A,1.29,0.32,4.263,5.4545,0.193,0.05,SMC,1.34,0.2452313838,18323.144223712112,284773.78001737484,151548.46212054347,309096
59,080413A,1.59,0.22,4.052,5.4545,0.138,0.046,SMC,1.61,0.1272272868,11271.974561755094,284773.78001737484,148022.87728956496,309096
60,080413B,0.29,0.16,2.534,5.4545,0.005,0.047,MW,1.03,0.3901272317,341.9794425137087,284773.78001737484,142557.87972994428,309111
61,080413B,0.27,0.2,2.648,5.4545,0.0,0.016,SMC,0.7,0.5946761615,444.6312674691088,284773.78001737484,142609.20564242196,309111
62,080413B,0.31,0.27,2.9339,2.9389,0.0,0.02,SMC,1.48,0.1795666591,858.8157491027289,868.7603667871442,863.7880579449366,309111
63,080413B,0.31,0.15,3.127,2.9389,0.0,0.035,SMC,0.39,0.8180428806,1339.6766874259345,868.7603667871442,1104.2185271065393,309111
64,080413B,0.26,0.18,3.15,3.1582,0.0,0.017,SMC,1.98,0.05322548587,1412.537544622754,1439.4613220781596,1425.999433350457,309111
65,080413B,0.18,0.16,3.2091,3.2286,0.02,0.058,SMC,0.49,0.8448882659,1618.45265723823,1692.777976098532,1655.615316668381,309111
66,080413B,0.16,0.16,3.2195,3.2369,0.025,0.059,SMC,0.47,0.8563460558,1657.6773368488807,1725.440548877473,1691.558942863177,309111
67,080413B,0.32,0.21,3.3223,3.3314,0.0,0.187,MW,1.78,0.09956479876,2100.390280821431,2144.865185491801,2122.627733156616,309111
68,080413B,0.33,0.3,3.3556,3.3705,0.0,0.001,LMC,1.81,0.06950802835,2267.775191567259,2346.929262686464,2307.352227126861,309111
69,080413B,0.19,0.15,3.402,3.4087,0.032,0.041,MW,0.74,0.5909306728,2523.4807724805755,2562.7131654112345,2543.0969689459052,309111
70,080413B,0.28,0.1,3.402,3.419,0.007,0.027,MW,0.79,0.6224776794,2523.4807724805755,2624.218543384442,2573.8496579325088,309111
71,080413B,0.28,0.15,3.4087,3.4247,0.007,0.044,MW,1.24,0.2834859044,2562.7131654112345,2658.887730705083,2610.8004480581585,309111
72,080413B,0.34,0.18,3.419,3.4352,0.0,0.138,LMC,1.58,0.113944566,2624.218543384442,2723.9554471208658,2674.0869952526537,309111
73,080413B,0.26,0.18,3.551,3.4352,0.009,0.049,MW,1.27,0.2799981982,3556.3131856898544,2723.9554471208658,3140.13431640536,309111
74,080413B,0.25,0.21,3.577,3.4352,0.0,0.007,MW,1.1,0.3568177237,3775.72190925416,2723.9554471208658,3249.838678187513,309111
75,080413B,0.21,0.17,3.6223,3.6327,0.039,0.048,MW,1.74,0.08492424262,4190.829574049906,4292.398159704706,4241.613866877306,309111
76,080413B,0.21,0.14,3.6223,3.6429,0.053,0.052,SMC,0.99,0.4606989774,4190.829574049906,4394.404188918088,4292.616881483997,309111
77,080413B,0.22,0.15,3.6327,3.6429,0.052,0.054,SMC,0.91,0.513012758,4292.398159704706,4394.404188918088,4343.401174311397,309111
78,080413B,0.35,0.15,3.6327,3.6529,0.007,0.056,SMC,1.23,0.2462262876,4292.398159704706,4496.763011769069,4394.580585736887,309111
79,080413B,0.36,0.22,3.6429,3.6529,0.0,0.052,SMC,1.18,0.3089735524,4394.404188918088,4496.763011769069,4445.583600343578,309111
80,080413B,0.38,0.24,3.6644,3.6735,0.0,0.006,LMC,1.24,0.2702892183,4617.4265947729555,4715.198713364481,4666.312654068718,309111
81,080413B,0.35,0.2,3.6644,3.6827,0.0,0.008,LMC,1.26,0.233877407,4617.4265947729555,4816.14994840047,4716.788271586713,309111
82,080413B,0.34,0.21,3.6735,3.6918,0.0,0.043,LMC,1.54,0.1018045993,4715.198713364481,4918.129952683078,4816.664333023779,309111
83,080413B,0.77,0.1,5.4093,5.419,0.041,0.055,LMC,1.17,0.3003121784,256625.6131321225,262421.8543384439,259523.7337352832,309111
84,080514B,1.14,0.01,5.236,5.2425,0.0,0.004,LMC,0.0,0.9292314179,172186.8574986006,174783.32624182175,173485.09187021118,AGILE
85,080514B,-0.96,0.28,58891.0,5.2425,0.0,0.102,LMC,0.11,0.561477188,inf,174783.32624182175,inf,AGILE
86,080905B,-1.95,0.62,5.5936,5.6073,0.116,0.125,MW,1.43,0.144862798,392283.46253952093,404855.45937074197,398569.46095513145,323898
87,080905B,-1.92,0.96,5.6424,5.6547,0.187,0.201,MW,1.82,0.051555573,438934.7855347174,451543.92112783185,445239.3533312746,323898
88,080916C,0.26,0.07,5.063,5.0694,0.013,0.02,LMC,0.03,0.9990326548,115611.2242192098,117327.54947195546,116469.38684558263,Fermi
89,090902B,1.36,0.04,5.1248,5.1335,0.793,0.008,LMC,0.01,0.9999164476,133290.74642313368,135987.81632845185,134639.28137579275,Fermi
90,091109A,-1.34,0.12,48573.0,5.1335,0.276,0.01,SMC,0.01,0.999695946,inf,135987.81632845185,inf,375246
91,091208B,1.24,0.31,4.7442,4.7471,0.196,0.147,MW,0.94,0.475548993,55488.11863580899,55859.88020572553,55673.99942076726,378559
92,100425A,0.85,0.14,4.328,4.7471,0.0,0.106,MW,0.18,0.9891639713,21281.390459827133,55859.88020572553,38570.635332776335,420398
93,100621A,0.97,0.18,3.5781,3.5941,1.777,0.363,MW,0.7,0.6536630191,3785.297343755959,3927.3535564672516,3856.3254501116053,425151
94,100621A,1.09,0.04,5.0447,5.0538,1.431,0.053,MW,0.17,0.9730296606,110840.88890158663,113187.89936554157,112014.3941335641,425151
95,100728A,2.25,0.13,1.699,5.0538,0.0,0.003,MW,0.17,0.9528804308,50.003453497697855,113187.89936554157,56618.951409519635,430151
96,100814A,0.1,0.05,3.9007,3.9174,0.057,0.031,MW,1.24,0.1958805775,7956.0957293002175,8267.99109117871,8112.043410239464,431605
97,100814A,0.1,0.05,3.9007,3.9223,0.054,0.028,MW,1.2,0.2129711332,7956.0957293002175,8361.804317558855,8158.9500234295365,431605
98,100814A,0.13,0.05,3.9064,3.9227,0.042,0.03,MW,1.23,0.2028399553,8061.205638638912,8369.509371711594,8215.357505175252,431605
99,100814A,0.14,0.06,3.9117,3.9227,0.039,0.035,MW,1.4,0.1149199029,8160.184910197368,8369.509371711594,8264.84714095448,431605
100,100814A,2.04,0.81,5.7486,5.7663,0.208,0.218,MW,1.47,0.1723872305,560531.4696465372,583848.2731071996,572189.8713768683,431605
101,100814A,1.2,0.21,5.7531,5.7703,0.084,0.068,MW,0.14,0.9916960386,566369.685464721,589250.5546643288,577810.1200645249,431605
102,100814A,0.5,0.29,2.7905,2.7955,0.0,0.123,LMC,1.56,0.1533295628,617.305291888684,624.4533502805023,620.8793210845931,431605
103,100814A,0.7,0.06,5.7923,5.7983,0.079,0.03,MW,1.22,0.1472887678,619869.117636061,628492.3560377518,624180.7368369064,431605
104,100814A,0.27,0.26,2.914,2.9177,0.032,0.138,MW,1.12,0.3481403685,820.3515443298185,827.370439016575,823.8609916731967,431605
105,100814A,0.64,0.18,5.8498,5.8507,0.03,0.076,LMC,0.17,0.999975537,707619.83835979,709087.77826207,708353.80831093,431605
106,100814A,0.14,0.1,3.1573,3.1594,0.032,0.065,MW,0.71,0.6629498812,1436.48137689049,1443.4442007129162,1439.962788801703,431605
107,100814A,0.06,0.03,3.1719,3.1742,0.088,0.018,MW,0.13,0.9958923728,1485.5935323494725,1493.482025127055,1489.5377787382638,431605
108,100814A,0.53,0.31,5.9826,5.9826,0.21,0.106,SMC,0.22,0.9533136483,960727.0084891195,960727.0084891195,960727.0084891195,431605
109,100814A,0.26,0.14,3.2786,3.2899,0.0,0.008,SMC,1.4,0.1913652143,1899.3281282184803,1949.3956831325586,1924.3619056755194,431605
110,100814A,0.06,0.05,3.4907,3.4989,0.074,0.029,MW,0.62,0.843364496,3095.2804165939788,3154.278240344361,3124.7793284691697,431605
111,100814A,0.09,0.05,3.4907,3.5056,0.053,0.028,MW,0.87,0.6247201088,3095.2804165939788,3203.3176008528117,3149.299008723395,431605
112,100814A,0.1,0.06,3.4978,3.5056,0.041,0.037,MW,1.24,0.2427316094,3146.2990561619904,3203.3176008528117,3174.808328507401,431605
113,100814A,0.28,0.03,5.0134,5.0238,0.1,0.018,MW,0.97,0.5273683996,103133.55783043837,105633.09388106862,104383.3258557535,431605
114,100814A,0.33,0.3,5.3283,5.3425,0.0,0.089,LMC,0.66,0.743927582,212960.96202155092,220039.17096373998,216500.06649264545,431605
115,100814A,0.14,0.05,3.7027,3.7201,0.041,0.031,MW,1.29,0.1707412198,5043.128102663999,5249.283155466852,5146.2056290654255,431605
116,100814A,0.15,0.05,3.7111,3.7201,0.042,0.03,MW,1.1,0.3474174794,5141.620281354357,5249.283155466852,5195.451718410604,431605
117,100814A,0.14,0.04,3.7111,3.7283,0.055,0.026,MW,1.01,0.4502666318,5141.620281354357,5349.337509431612,5245.478895392984,431605
118,100814A,0.05,0.05,3.7195,3.7372,0.115,0.028,MW,0.6,0.8791128623,5242.036010084628,5460.092497542736,5351.064253813682,431605
119,100814A,0.06,0.05,3.7444,3.7525,0.087,0.032,MW,0.65,0.827035056,5551.367774352115,5655.877570891539,5603.6226726218265,431605
120,100814A,0.04,0.04,3.7676,3.7826,0.061,0.026,MW,0.76,0.7713385954,5855.985598492877,6061.777620466953,5958.881609479915,431605
121,100814A,0.07,0.04,3.7676,3.7893,0.047,0.025,MW,0.78,0.769946343,5855.985598492877,6156.019686448958,6006.002642470918,431605
122,100814A,0.09,0.04,3.7681,3.7898,0.04,0.025,MW,0.72,0.8248409589,5862.731433534501,6163.1111474198415,6012.921290477171,431605
123,100814A,0.09,0.04,3.775,3.7898,0.04,0.025,MW,0.73,0.8107620129,5956.621435290103,6163.1111474198415,6059.866291354972,431605
124,100814A,0.09,0.05,3.7786,3.7975,0.044,0.032,MW,1.04,0.407179195,6006.202909194723,6273.356959840379,6139.779934517552,431605
125,100814A,0.64,0.03,5.5485,5.5613,0.09,0.018,MW,1.32,0.1082485215,353590.0211003866,364166.5065732136,358878.2638368001,431605
126,100814A,0.65,0.03,5.5485,5.5672,0.088,0.017,MW,1.22,0.1748951821,353590.0211003866,369147.5581654127,361368.7896328997,431605
127,100814A,0.65,0.03,5.5524,5.5672,0.088,0.017,MW,1.26,0.1433310802,356779.5882885619,369147.5581654127,362963.57322698727,431605
128,100814A,0.63,0.03,5.6524,5.6589,0.127,0.018,MW,0.59,0.9411275329,449158.8901059318,455931.9216592222,452545.405882577,431605
129,100814A,0.07,0.06,3.834,3.8434,0.038,0.039,MW,1.25,0.2222635094,6823.3869414166975,6972.684264076381,6898.035602746539,431605
130,100814A,0.64,0.03,5.6524,5.6636,0.123,0.02,MW,0.73,0.8267720409,449158.8901059318,460892.880980895,455025.8855434134,431605
131,100814A,0.64,0.03,5.6524,5.6693,0.122,0.02,MW,0.77,0.7955335726,449158.8901059318,466981.84855783655,458070.3693318842,431605
132,100814A,0.63,0.04,5.6528,5.6693,0.128,0.023,MW,0.86,0.6568219282,449572.77130190557,466981.84855783655,458277.30992987106,431605
133,100814A,1.15,0.76,5.6851,5.6976,0.031,0.231,MW,1.29,0.2663957197,484283.8652278515,498425.2094042604,491354.53731605597,431605
134,100814A,0.68,0.04,5.7264,5.7303,0.111,0.024,MW,0.99,0.4828758921,532598.5748490616,537402.8929503498,535000.7338997057,431605
135,100814A,0.1,0.05,3.8956,3.917,0.057,0.031,MW,1.24,0.19361597,7863.212274584181,8260.379495771784,8061.795885177982,431605
136,100814A,-0.03,0.02,4.2826,4.3026,0.133,0.015,MW,1.32,0.171982714,19169.0239501113,20072.432216432946,19620.728083272123,431605
137,100814A,-0.09,0.05,3.1864,3.1885,0.24,0.034,MW,0.18,0.948756154,1536.031068385027,1543.4764233245317,1539.7537458547795,431605
138,100814A,-1.02,0.89,6.1178,6.1184,0.366,0.202,SMC,0.55,0.838500643,1311595.7477555475,1313409.0365327345,1312502.392144141,431605
139,100814A,-0.44,0.14,3.2412,3.2429,0.325,0.068,MW,0.02,0.998805006,1742.6091898259306,1749.4438179186163,1746.0265038722735,431605
140,100814A,-0.2,0.07,3.3101,3.3116,0.22,0.042,MW,0.41,0.898631102,2042.2081263346354,2049.2738583802447,2045.74099235744,431605
141,100814A,-1.57,0.42,6.7332,6.7411,0.922,0.252,MW,1.86,0.072259871,5410034.068634679,5509345.391672409,5459689.730153544,431605
142,100814A,-0.11,0.06,3.4298,3.4467,0.17,0.036,MW,0.9,0.570410634,2690.295591704617,2797.0485194780945,2743.6720555913557,431605
143,100814A,-0.15,0.07,3.4379,3.4467,0.188,0.04,MW,0.89,0.549302169,2740.942973818077,2797.0485194780945,2768.9957466480855,431605
144,100814A,-0.11,0.08,3.4609,3.4619,0.122,0.047,MW,0.56,0.759000551,2890.014355349471,2896.6765264870983,2893.3454409182846,431605
145,100814A,-0.11,0.05,3.518,3.5189,0.184,0.027,MW,0.16,0.98700701,3296.097121774576,3302.934793960337,3299.5159578674566,431605
146,100814A,-0.77,0.06,3.5694,3.5702,0.16,0.026,LMC,0.02,0.911691418,3710.2228861746507,3717.0636679606755,3713.643277067663,431605
147,100814A,-0.09,0.09,3.6458,3.666,0.129,0.049,MW,1.25,0.235328774,4423.845998088853,4634.46919736288,4529.157597725866,431605
148,100814A,-0.09,0.08,3.6458,3.6667,0.129,0.046,MW,1.14,0.313122218,4423.845998088853,4641.945102393461,4532.895550241157,431605
149,100814A,-0.15,0.09,3.6555,3.6758,0.186,0.051,MW,1.33,0.187297782,4523.764623324995,4740.236390350336,4632.000506837665,431605
150,100814A,-0.17,0.12,3.6562,3.6758,0.191,0.069,MW,1.39,0.186330788,4531.0619497855805,4740.236390350336,4635.649170067958,431605
151,100814A,-0.13,0.07,3.794,3.8109,0.174,0.042,MW,1.36,0.122574844,6223.002851691595,6469.9362280868145,6346.469539889205,431605
152,100814A,-0.1,0.07,3.8073,3.8249,0.151,0.039,MW,1.5,0.069876091,6416.526614874055,6681.900434105529,6549.213524489792,431605
153,100901A,1.83,0.05,5.1586,5.1603,0.507,0.012,MW,0.0,0.9999971265,144078.7725688693,144643.8590106879,144361.3157897786,433065
154,100901A,0.62,0.47,5.3587,5.3734,0.472,0.277,LMC,0.16,0.9413661467,228402.0512840462,236265.3315486059,232333.69141632604,433065
155,100901A,-1.45,0.41,4.9589,4.9673,0.448,0.129,MW,1.44,0.196386272,90970.37814779893,92747.0275918869,91858.7028698429,433065
156,100901A,-1.48,0.36,4.9589,4.9706,0.472,0.104,MW,1.14,0.333913028,90970.37814779893,93454.45303153407,92212.41558966649,433065
157,100901A,-1.68,0.27,4.9589,4.9727,0.542,0.062,MW,1.08,0.375597985,90970.37814779893,93907.43968513636,92438.90891646764,433065
158,100901A,-1.73,0.27,4.9589,4.9766,0.577,0.055,MW,1.14,0.327534426,90970.37814779893,94754.53397646618,92862.45606213255,433065
159,100901A,-0.56,0.18,5.0109,5.0235,0.0,0.058,LMC,0.29,0.943439265,102541.57883552331,105560.15032159303,104050.86457855816,433065
160,100901A,-0.82,0.25,5.0939,5.1095,0.076,0.033,SMC,0.15,0.964664667,124136.64394960395,128676.72530296713,126406.68462628554,433065
161,100901A,-0.59,0.5,5.1592,5.1771,0.083,0.138,MW,0.7,0.593446997,144277.9623129479,150348.81171689866,147313.38701492327,433065
162,100901A,-0.92,0.29,5.2211,5.2302,0.205,0.346,LMC,0.87,0.46944184,166379.57093869997,169902.59026713728,168141.08060291864,433065
163,100901A,-1.29,0.18,5.2936,5.3065,0.044,0.062,MW,0.64,0.635054681,196607.46338790987,202534.9606824971,199571.21203520347,433065
164,100901A,-0.54,0.4,5.5798,5.587,0.252,0.075,MW,0.27,0.949681673,380014.35294158553,386366.97705406894,383190.66499782726,433065
165,100901A,-0.55,0.36,5.5798,5.5954,0.254,0.068,MW,0.22,0.980297565,380014.35294158553,393912.7154468654,386963.53419422545,433065
166,100906A,-1.79,0.0,4.6705,4.6884,0.176,0.0,MW,0.0,1.0,46827.39513735998,48797.772728648546,47812.583933004265,433509
167,100906A,-1.46,0.6,3.05,3.0689,0.0,0.673,LMC,1.02,0.406750981,1122.018454301963,1171.9254886625693,1146.971971482266,433509
168,101219B,0.59,0.19,5.0839,5.1045,0.0,0.16,LMC,0.09,0.993724646,121310.94895209197,127203.775008569,124257.36198033049,440635
169,101219B,0.77,0.25,5.0945,5.1116,0.058,0.213,LMC,0.21,0.969376726,124308.26358446224,129300.43917962797,126804.3513820451,440635
170,101219B,0.79,0.06,5.1222,5.1299,0.004,0.02,MW,0.01,0.999583214,132495.1557462097,134865.23081667826,133680.19328144396,440635
171,101219B,2.05,0.67,5.1479,5.1601,0.432,0.248,MW,1.84,0.1015536476,140572.38069937463,144577.26338736343,142574.82204336903,440635
172,101219B,3.08,0.04,5.1494,5.1601,0.094,0.012,MW,0.0,0.9999890857,141058.7399309471,144577.26338736343,142818.00165915527,440635
173,101219B,2.19,0.61,5.4364,5.4462,0.209,0.204,MW,1.42,0.2146368595,273149.2422089182,279383.0151362531,276266.12867258565,440635
174,101219B,1.48,0.64,5.4364,5.4528,0.039,0.575,LMC,1.27,0.2168853187,273149.2422089182,283661.2419312515,278405.24207008485,440635
175,101219B,1.49,0.61,5.4364,5.4557,0.0,0.547,LMC,1.18,0.3078396355,273149.2422089182,285561.7271381299,279355.48467352404,440635
176,101219B,2.39,0.33,5.4424,5.4591,0.095,0.112,MW,0.66,0.7251083494,276949.12668096833,287806.10364895297,282377.6151649606,440635
177,101219B,1.45,0.27,5.4462,5.4591,0.0,0.202,LMC,0.13,0.9663005035,279383.0151362531,287806.10364895297,283594.559392603,440635
178,101219B,1.93,1.55,5.4856,5.5029,0.0,0.606,SMC,0.61,0.749755077,305914.4559486408,318346.4417556435,312130.4488521422,440635
179,101219B,1.99,0.24,5.4923,5.5088,0.062,0.086,MW,0.29,0.9194126288,310670.4882789958,322700.7687515532,316685.6285152745,440635
180,101219B,1.7,0.31,5.5017,5.5185,0.047,0.099,MW,0.61,0.7675837402,317468.0321567871,329989.4079108352,323728.7200338112,440635
181,101219B,0.67,0.24,5.5172,5.526,0.129,0.079,MW,0.19,0.9785961144,329003.1075247056,335737.6142429545,332370.36088383006,440635
182,110205A,4.15,0.13,3.2705,3.2862,0.642,0.036,MW,0.1,0.9924281242,1864.2321782525,1932.8582261997385,1898.5452022261193,444643
183,110205A,1.3,0.74,3.9457,3.9656,0.0,0.048,LMC,1.45,0.1818039654,8824.701010756546,9238.468875379447,9031.584943067995,444643
184,110205A,1.3,0.33,3.9505,3.9656,0.0,0.037,MW,1.92,0.07393992778,8922.776195878267,9238.468875379447,9080.622535628856,444643
185,110205A,0.71,0.68,4.0486,4.0593,0.188,0.111,SMC,1.37,0.203895006,11184.073177398599,11463.045071179995,11323.559124289297,444643
186,110205A,0.78,0.46,4.0486,4.0645,0.176,0.075,SMC,1.15,0.3246110885,11184.073177398599,11601.12216148053,11392.597669439565,444643
187,110205A,0.47,0.26,4.0486,4.0673,0.228,0.037,SMC,1.09,0.3653012032,11184.073177398599,11676.158990380134,11430.116083889367,444643
188,110205A,0.61,0.26,4.0998,4.1204,0.206,0.037,SMC,1.09,0.3634289035,12583.457886902854,13194.71457195118,12889.086229427015,444643
189,110205A,0.63,0.26,4.1017,4.121,0.204,0.037,SMC,1.1,0.3571964086,12638.630002312535,13212.956341865765,12925.79317208915,444643
190,110205A,0.9,0.36,4.1069,4.1259,0.168,0.051,SMC,1.81,0.06021333596,12790.867496387487,13362.877894850119,13076.872695618804,444643
191,110205A,0.93,0.3,4.1097,4.13,0.16,0.043,SMC,1.38,0.1680718354,12873.599677157932,13489.628825916532,13181.614251537232,444643
192,110205A,0.91,0.32,4.1118,4.13,0.163,0.045,SMC,1.48,0.1316553157,12935.999794524236,13489.628825916532,13212.814310220383,444643
193,110205A,0.81,0.36,4.1195,4.13,0.171,0.048,SMC,1.27,0.2476045409,13167.399127216206,13489.628825916532,13328.51397656637,444643
194,110205A,0.87,0.36,4.1195,4.1394,0.162,0.048,SMC,1.32,0.214810548,13167.399127216206,13784.785100164725,13476.092113690465,444643
195,110205A,1.01,0.34,4.1441,4.1642,0.137,0.046,SMC,1.0,0.4432562204,13934.776260886812,14594.8622378262,14264.819249356507,444643
196,110205A,1.03,0.36,4.1476,4.1642,0.134,0.048,SMC,1.1,0.358756595,14047.531026968763,14594.8622378262,14321.196632397481,444643
197,110205A,0.92,0.35,4.1476,4.1669,0.153,0.046,SMC,1.13,0.3257124176,14047.531026968763,14685.880838064046,14366.705932516405,444643
198,110205A,0.94,0.34,4.1476,4.1679,0.151,0.045,SMC,1.06,0.3850393249,14047.531026968763,14719.735289779459,14383.633158374112,444643
199,110205A,0.86,0.37,4.151,4.1705,0.159,0.048,SMC,1.58,0.06905502639,14157.93779957081,14808.122552675086,14483.030176122948,444643
200,110205A,0.88,0.36,4.151,4.1716,0.157,0.047,SMC,1.53,0.07884371766,14157.93779957081,14845.676750522714,14501.807275046762,444643
201,110205A,1.17,0.27,4.1752,4.1964,0.378,0.088,MW,1.64,0.08785322235,14969.248567600378,15718.098282039173,15343.673424819775,444643
202,110205A,0.62,0.23,4.2559,4.2747,0.06,0.035,SMC,0.1,0.9999150623,18026.0262847573,18823.483601033706,18424.754942895503,444643
203,110205A,0.64,0.26,4.2589,4.2764,0.057,0.039,SMC,0.12,0.9997828416,18150.97672967716,18897.31054431676,18524.14363699696,444643
204,110205A,0.64,0.22,4.2604,4.2795,0.058,0.033,SMC,0.09,0.9999784604,18213.776371047785,19032.682375763485,18623.229373405637,444643
205,110205A,0.9,0.71,4.2735,4.2928,0.061,0.107,SMC,1.44,0.1653458894,18771.544183750244,19624.563241736898,19198.05371274357,444643
206,110205A,1.04,0.29,4.3489,4.3646,0.029,0.044,SMC,0.28,0.9236013132,22330.579830264098,23152.612332437642,22741.596081350872,444643
207,110205A,0.89,0.39,4.372,4.3895,0.059,0.057,SMC,1.6,0.1078519529,23550.49283896009,24518.84453809514,24034.668688527614,444643
208,110205A,0.67,0.52,4.4652,4.4843,0.098,0.08,SMC,1.59,0.1109079506,29187.708481971455,30500.01128249183,29843.85988223164,444643
209,110205A,0.83,0.43,4.5357,4.556,0.062,0.061,SMC,0.92,0.525211695,34332.07084260957,35974.93351557424,35153.502179091905,444643
210,110205A,0.79,0.51,4.5383,4.5579,0.061,0.073,SMC,1.29,0.2170238211,34538.22385498229,36132.66545234519,35335.44465366374,444643
211,110205A,0.91,0.67,4.5975,4.6187,0.09,0.103,SMC,1.17,0.2867133897,39582.20648357226,41562.34088298601,40572.27368327914,444643
212,110205A,1.15,0.58,4.5996,4.6187,0.035,0.092,SMC,0.82,0.6248997202,39774.066910502785,41562.34088298601,40668.203896744395,444643
213,110205A,1.06,0.73,4.6015,4.6187,0.005,0.249,LMC,0.87,0.554625578,39948.45613082852,41562.34088298601,40755.398506907266,444643
214,110205A,1.46,0.1,4.6037,4.6187,0.021,0.039,MW,0.83,0.5912206508,40151.33594288293,41562.34088298601,40856.83841293447,444643
215,110205A,0.34,0.31,4.7805,4.7992,0.177,0.046,SMC,0.02,0.9994686946,60325.370792661284,62979.61479295171,61652.4927928065,444643
216,110205A,-0.61,0.5,4.2677,4.284,0.28,0.074,SMC,0.49,0.897199795,18522.51691252972,19230.917289101577,18876.71710081565,444643
217,110205A,-1.66,1.38,4.4041,4.4242,0.427,0.202,SMC,1.76,0.090472677,25357.124326473735,26558.28334546675,25957.703835970242,444643
218,110205A,-1.44,0.98,4.4815,4.4987,0.408,0.143,SMC,1.36,0.197770649,30304.002977883618,31528.259759551893,30916.131368717754,444643
219,110205A,-1.18,0.61,4.4836,4.5015,0.375,0.092,SMC,1.11,0.347860732,30450.89066974223,31732.186638361443,31091.538654051838,444643
220,110205A,-1.18,0.61,4.5627,4.5811,0.396,0.093,SMC,0.98,0.4544159,36534.2334883456,38115.357714484904,37324.79560141525,444643
221,110205A,-1.82,0.47,4.5651,4.5834,0.486,0.07,SMC,0.38,0.943128117,36736.688011030354,38317.75003613844,37527.219023584395,444643
222,110205A,-1.83,1.01,4.5674,4.5856,0.475,0.15,SMC,1.66,0.091850135,36931.75960479867,38512.348242893175,37722.053923845924,444643
223,110205A,-1.83,1.04,4.5697,4.5879,0.476,0.155,SMC,1.78,0.06605826,37127.86702756398,38716.8485818798,37922.35780472189,444643
224,110213A,0.51,0.02,2.9657,2.9741,0.0,0.008,LMC,0.06,0.9781715283,924.0596356376807,942.1064995881911,933.0830676129359,445414
225,110213A,1.18,0.74,3.2753,3.2907,0.0,0.091,LMC,1.76,0.1180374574,1884.9507176986665,1952.9899120756843,1918.9703148871754,445414
226,110213A,0.17,0.05,4.9371,4.9496,0.512,0.019,MW,0.01,0.9998434313,86516.71079308813,89043.04435937422,87779.87757623117,445414
227,110918A,0.63,0.38,5.4566,5.4642,0.6,0.375,MW,1.84,0.05628814494,286154.11789812,291205.78615296975,288679.9520255449,IPN
228,110918A,1.32,1.02,5.9901,5.9921,0.23,0.872,MW,1.56,0.1677302404,977462.2640495892,981974.0248654869,979718.144457538,IPN
229,110918A,0.43,0.16,5.2876,5.2894,0.416,0.151,MW,0.23,0.9862692108,193909.9078614851,194715.26498538986,194312.58642343746,IPN
230,110918A,0.46,0.19,5.3101,5.3118,0.445,0.181,MW,0.41,0.9325234353,204220.81263346373,205021.78012019832,204621.29637683101,IPN
231,110918A,1.04,0.8,5.743,5.743,0.644,0.687,MW,1.44,0.2182792522,553350.1092157371,553350.1092157371,553350.1092157371,IPN
232,111209A,0.84,0.1,4.8066,4.8164,0.18,0.128,MW,0.52,0.9836335713,64061.92726268989,65523.939401598094,64792.93333214399,509336
233,111209A,0.85,0.08,4.8066,4.8193,0.169,0.105,MW,0.46,0.9972172285,64061.92726268989,65962.93937452818,65012.43331860904,509336
234,111209A,0.85,0.07,4.8066,4.8222,0.166,0.088,MW,0.41,0.9997558958,64061.92726268989,66404.88057745733,65233.40392007361,509336
235,111209A,0.86,0.06,4.8066,4.825,0.155,0.078,MW,0.4,0.999945956,64061.92726268989,66834.39175686149,65448.15950977569,509336
236,111209A,0.96,0.03,4.81,4.8278,0.016,0.019,SMC,0.41,0.9999199223,64565.42290346549,67266.6810431099,65916.0519732877,509336
237,111209A,0.97,0.03,4.8129,4.8308,0.016,0.019,SMC,0.38,0.9999765579,64998.000968302505,67732.9514008607,66365.4761845816,509336
238,111209A,0.97,0.03,4.8129,4.8324,0.016,0.019,SMC,0.41,0.9999451694,64998.000968302505,67982.94904549554,66490.47500689903,509336
239,111209A,0.98,0.03,4.8158,4.8335,0.013,0.019,SMC,0.39,0.9999773815,65433.47723737583,68155.35747267042,66794.41735502312,509336
240,111209A,0.97,0.03,4.8188,4.8363,0.014,0.02,SMC,0.47,0.99956094,65887.04043340741,68596.19085293144,67241.61564316943,509336
241,111209A,0.97,0.03,4.8193,4.8363,0.014,0.02,SMC,0.47,0.9992773423,65962.93937452818,68596.19085293144,67279.56511372981,509336
242,111209A,0.97,0.03,4.8217,4.8363,0.013,0.021,SMC,0.5,0.9979795539,66328.47312550216,68596.19085293144,67462.3319892168,509336
243,111209A,0.98,0.03,4.8217,4.8417,0.011,0.02,SMC,0.45,0.9997658158,66328.47312550216,69454.43775834025,67891.4554419212,509336
244,111209A,0.98,0.03,4.8222,4.8417,0.011,0.02,SMC,0.46,0.9994146609,66404.88057745733,69454.43775834025,67929.65916789879,509336
245,111209A,0.98,0.03,4.8245,4.8417,0.012,0.021,SMC,0.48,0.9985259618,66757.49009643056,69454.43775834025,68105.9639273854,509336
246,111209A,0.99,0.03,4.825,4.8465,0.011,0.02,SMC,0.45,0.9994092975,66834.39175686149,70226.33437357638,68530.36306521893,509336
247,111209A,0.99,0.03,4.8274,4.8467,0.009,0.02,SMC,0.45,0.9994413393,67204.75466282961,70258.68224350992,68731.71845316977,509336
248,111209A,0.86,0.05,4.8308,4.8517,0.197,0.067,MW,0.39,0.999772899,67732.9514008607,71072.23944090935,69402.59542088502,509336
249,111209A,0.83,0.05,4.8359,4.8565,0.253,0.06,MW,0.36,0.9998087509,68533.04051260446,71862.1158380457,70197.57817532509,509336
250,111209A,0.8,0.04,4.8415,4.8612,0.295,0.057,MW,0.36,0.9997917192,69422.4601714119,72644.04185924765,71033.25101532978,509336
251,111209A,0.85,0.04,4.8465,4.8659,0.28,0.056,MW,0.38,0.9997130783,70226.33437357638,73434.47595588672,71830.40516473155,509336
252,111209A,0.81,0.07,4.8516,4.8706,0.335,0.087,MW,0.95,0.5475313524,71055.87633694742,74233.51070366164,72644.69352030453,509336
253,111209A,1.15,0.04,4.9002,4.9149,0.038,0.051,MW,1.35,0.09550507237,79469.41206366038,82205.33433757733,80837.37320061885,509336
254,111209A,1.14,0.11,4.9063,4.9149,0.032,0.115,LMC,0.81,0.7158230301,80593.49691127453,82205.33433757733,81399.41562442592,509336
255,111209A,1.06,0.05,5.181,5.1855,0.183,0.039,MW,0.76,0.6382984126,151705.03674593367,153285.12063629364,152495.07869111365,509336
256,111209A,1.03,0.04,5.181,5.1936,0.199,0.036,MW,0.73,0.7585829381,151705.03674593367,156170.85932653738,153937.94803623552,509336
257,111209A,0.97,0.06,5.1855,5.2019,0.25,0.035,MW,0.82,0.6017972525,153285.12063629364,159184.21496485893,156234.66780057628,509336
258,111209A,0.99,0.05,5.1935,5.2057,0.251,0.041,MW,0.95,0.5062833559,156134.9037969651,160583.16006250083,158359.03192973297,509336
259,111209A,1.01,0.07,5.2019,5.2057,0.24,0.053,MW,1.46,0.167094999,159184.21496485893,160583.16006250083,159883.68751367988,509336
260,111209A,1.13,0.06,5.2168,5.2174,0.16,0.04,MW,0.47,0.8810623173,164740.35594357533,164968.11044727283,164854.23319542408,509336
261,111209A,1.01,0.35,5.3416,5.3546,0.11,0.06,SMC,0.01,0.9999210591,219583.6500973188,226255.94533618557,222919.7977167522,509336
262,111209A,1.0,0.22,5.3688,5.3808,0.18,0.191,SMC,1.39,0.1943264356,233776.04122746896,240325.58049332426,237050.8108603966,509336
263,111209A,1.18,0.31,5.3807,5.3896,0.0,0.31,LMC,1.52,0.1458520774,240270.24985383323,245244.90860720183,242757.57923051753,509336
264,111209A,1.02,0.11,5.3807,5.3997,0.162,0.063,SMC,1.18,0.296614048,240270.24985383323,251015.18809953314,245642.7189766832,509336
265,111209A,1.05,0.07,5.3896,5.4007,0.135,0.035,SMC,0.48,0.9168131418,245244.90860720183,251593.837869271,248419.3732382364,509336
266,111209A,1.05,0.05,5.3942,5.4007,0.141,0.028,SMC,0.3,0.9814149906,247856.3215394193,251593.837869271,249725.07970434515,509336
267,111209A,1.0,0.13,5.5164,5.5223,0.203,0.113,SMC,0.6,0.7990233529,328397.6192504799,332889.4257585377,330643.52250450884,509336
268,111209A,1.15,0.25,5.6195,5.6196,0.0,0.002,LMC,0.7,0.6711095942,416389.72102516424,416485.60934074153,416437.6651829529,509336
269,111209A,1.09,0.2,5.7701,5.7702,0.079,0.177,SMC,0.25,0.9728019979,588979.2572290254,589114.8903295414,589047.0737792833,509336
270,111209A,0.87,0.05,5.8256,5.8259,0.411,0.046,MW,0.12,0.9986326223,669267.9069358421,669730.3805418961,669499.1437388691,509336
271,111209A,0.86,0.09,5.9265,5.9314,0.395,0.11,MW,0.56,0.8150194657,844306.241909012,853886.2102148432,849096.2260619276,509336
272,111209A,0.82,0.08,5.9265,5.9408,0.46,0.078,MW,0.53,0.8536864007,844306.241909012,872569.4427701168,858437.8423395643,509336
273,111209A,0.73,0.49,6.0426,6.0426,0.614,0.669,MW,1.69,0.1196464767,1103062.1940666502,1103062.1940666502,1103062.1940666502,509336
274,111209A,0.44,0.29,6.3808,6.3809,0.766,0.298,LMC,0.11,0.8533759079,2403255.8049332425,2403809.238746328,2403532.5218397854,509336
275,111209A,1.21,0.8,6.49,6.3809,0.799,1.238,MW,1.32,0.2600456922,3090295.432513592,2403809.238746328,2747052.3356299596,509336
276,111209A,1.29,0.9,6.63,6.3809,0.667,1.399,MW,0.4,0.8103514818,4265795.188015926,2403809.238746328,3334802.2133811265,509336
277,111228A,1.57,0.55,6.888,6.3809,1.681,0.793,MW,0.18,0.9501487507,7726805.850957021,2403809.238746328,5065307.544851675,510649
278,111228A,0.52,0.08,4.7772,4.7932,0.259,0.07,SMC,0.78,0.7605822445,59868.72372480592,62115.50208324415,60992.11290402504,510649
279,111228A,0.56,0.08,4.7772,4.7963,0.232,0.069,SMC,0.81,0.7339922684,59868.72372480592,62560.46959640018,61214.59666060305,510649
280,111228A,0.57,0.08,4.7829,4.7986,0.203,0.08,SMC,0.56,0.9522959304,60659.66394687527,62892.66531604166,61776.164631458465,510649
281,111228A,0.45,0.17,5.167,5.1672,0.404,0.144,SMC,0.19,0.9918472074,146892.62776438662,146960.28989796518,146926.4588311759,510649
282,111228A,0.78,0.05,4.7152,4.7303,0.145,0.061,MW,1.14,0.3005876049,51903.90101970826,53740.289295034985,52822.09515737162,510649
283,120119A,3.14,0.38,2.7413,2.752,0.113,0.034,SMC,0.22,0.9257768285,551.1883123276054,564.9369748123022,558.0626435699538,512035
284,120119A,2.71,0.08,3.6192,3.621,0.101,0.012,SMC,0.01,0.9996256893,4161.021885174549,4178.303666466218,4169.662775820383,512035
285,120119A,3.39,0.24,3.7945,3.8128,0.032,0.079,LMC,0.73,0.5500122011,6230.171474290644,6498.303634842379,6364.237554566512,512035
286,120327A,1.81,0.15,3.058,3.0759,0.034,0.074,LMC,1.73,0.1027850807,1142.8783347897713,1190.9677459951863,1166.923040392479,518731
287,120327A,1.9,0.14,3.3389,3.3493,0.046,0.044,LMC,0.35,0.7441861464,2182.2273775659155,2235.115652882337,2208.6715152241263,518731
288,120327A,1.83,0.18,3.3389,3.3562,0.012,0.063,LMC,1.16,0.2621603581,2182.2273775659155,2270.9104040068282,2226.568890786372,518731
289,120327A,2.09,0.02,3.3493,3.3562,0.055,0.005,MW,0.03,0.9994271809,2235.115652882337,2270.9104040068282,2253.0130284445827,518731
290,120327A,1.66,0.08,3.4201,3.4257,0.193,0.02,LMC,0.11,0.9537428654,2630.873703214671,2665.0170999467637,2647.9454015807173,518731
291,120327A,0.97,0.42,3.4255,3.435,0.126,0.043,SMC,0.48,0.7473132434,2663.7900967669893,2722.701308077913,2693.2457024224514,518731
292,120327A,0.77,0.13,3.6645,3.6741,0.035,0.019,SMC,1.11,0.350154306,4618.489918952487,4721.717503108786,4670.103711030637,518731
293,120327A,1.03,0.76,4.1451,4.1625,0.143,0.088,SMC,1.88,0.0677662196,13966.899237730431,14537.843856076606,14252.37154690352,518731
294,120327A,1.06,0.29,4.1558,4.1625,0.155,0.034,SMC,0.27,0.9491921896,14315.28504215074,14537.843856076606,14426.564449113674,518731
295,120327A,2.04,0.16,4.2287,4.2296,0.222,0.054,LMC,0.48,0.6745556765,16931.677975100087,16966.80232346462,16949.240149282356,518731
296,120404A,2.59,0.62,3.9404,3.9585,0.618,0.184,MW,1.54,0.1724767169,8717.661466018493,9088.662990655877,8903.162228337185,519380
297,120404A,2.43,0.73,3.949,3.9607,0.487,0.227,MW,2.16,0.05567189963,8892.011178579482,9134.820124571928,9013.415651575706,519380
298,120404A,2.39,0.59,3.949,3.9647,0.506,0.178,MW,1.49,0.1780534759,8892.011178579482,9219.343574515597,9055.67737654754,519380
299,120404A,1.32,0.13,4.845,3.9647,0.071,0.062,MW,1.59,0.1463908755,69984.19960022731,9219.343574515597,39601.771587371455,519380
300,120404A,-1.33,0.32,3.6117,3.629,0.287,0.06,LMC,0.61,0.311735631,4089.7805010288275,4255.984131337431,4172.88231618313,519380
301,120404A,-1.48,0.8,4.1451,4.1604,0.325,0.254,LMC,1.62,0.11807007,13966.899237730431,14467.716832477228,14217.30803510383,519380
302,120404A,-1.49,0.78,4.1512,4.1676,0.313,0.26,LMC,1.73,0.105347754,14164.459272385144,14709.570767969777,14437.01502017746,519380
303,120711A,0.89,0.18,4.3522,4.3725,0.234,0.094,LMC,1.35,0.05816578099,22500.90572279306,23577.621959612523,23039.26384120279,INTEGRAL
304,120711A,1.71,0.35,5.0348,5.0499,0.148,0.19,MW,0.53,0.9436851187,108342.78621501384,112176.01297471244,110259.39959486315,INTEGRAL
305,120711A,0.77,0.2,4.3604,4.3788,0.549,0.109,MW,0.98,0.4797535418,22929.78591824823,23922.138475120555,23425.96219668439,INTEGRAL
306,120711A,1.61,0.36,5.0422,5.0597,0.183,0.189,MW,0.77,0.7490018213,110204.67039630309,114736.07789425296,112470.37414527802,INTEGRAL
307,120711A,1.66,0.43,5.0494,5.0597,0.154,0.218,MW,0.76,0.6995205662,112046.93988178081,114736.07789425296,113391.50888801689,INTEGRAL
308,120711A,0.97,0.18,4.3619,4.3788,0.222,0.102,LMC,0.85,0.4579580127,23009.119518517622,23922.138475120555,23465.62899681909,INTEGRAL
309,120711A,0.88,0.21,4.369,4.3865,0.504,0.117,MW,1.13,0.3061396425,23388.372386593535,24350.057999520235,23869.215193056887,INTEGRAL
310,120711A,1.3,0.08,4.4004,4.4163,0.201,0.032,SMC,0.58,0.9335442603,25142.010301590228,26079.54439026601,25610.77734592812,INTEGRAL
311,120711A,1.29,0.08,4.4077,4.4234,0.127,0.042,LMC,0.28,0.9821760236,25568.19088689687,26509.40621093076,26038.798548913815,INTEGRAL
312,120711A,1.37,0.07,4.415,4.4304,0.106,0.034,LMC,0.19,0.9971834337,26001.595631652723,26940.149410636666,26470.872521144694,INTEGRAL
313,120711A,1.02,0.21,4.4221,4.438,0.424,0.11,MW,1.27,0.1696743717,26430.17264477656,27415.74171927881,26922.957182027683,INTEGRAL
314,120711A,1.33,0.12,4.4293,4.444,0.187,0.047,SMC,1.48,0.06164418931,26872.000567171104,27797.132677592883,27334.566622381994,INTEGRAL
315,120711A,0.71,0.21,4.4365,4.4507,0.582,0.109,MW,1.28,0.1627931667,27321.214438784842,28229.29290779787,27775.253673291358,INTEGRAL
316,120711A,1.27,0.07,4.443,4.457,0.231,0.03,SMC,0.34,0.9942272127,27733.20104651838,28641.7796990658,28187.49037279209,INTEGRAL
317,120711A,0.63,0.16,4.4495,4.463,0.62,0.09,MW,0.3,0.9927973162,28151.400151332975,29040.226544644513,28595.813347988744,INTEGRAL
318,120711A,1.82,0.42,5.0348,5.0427,0.11,0.233,MW,0.41,0.968427092,108342.78621501384,110331.62127669812,109337.20374585598,INTEGRAL
319,120815A,0.31,0.17,3.6794,3.6807,0.223,0.033,SMC,1.45,0.1792045344,4779.692969796099,4794.021749415102,4786.8573596056,531003
320,120815A,0.18,0.18,3.7182,3.7193,0.251,0.032,SMC,1.02,0.4160930213,5226.368167369365,5239.622519059377,5232.995343214371,531003
321,120815A,0.24,0.18,3.7537,3.7548,0.236,0.035,SMC,1.4,0.1982577407,5671.526948608318,5685.910246988551,5678.7185977984345,531003
322,120815A,0.31,0.2,3.8356,3.8474,0.221,0.043,SMC,1.65,0.1166941053,6848.571591258556,7037.20171722057,6942.886654239563,531003
323,120815A,0.48,0.39,3.869,3.8733,0.198,0.062,SMC,1.55,0.1697171175,7396.052750582382,7469.645650780071,7432.849200681227,531003
324,120815A,0.41,0.17,3.0517,3.0622,0.203,0.035,SMC,1.93,0.06024202548,1126.4190846286342,1153.984565005087,1140.2018248168606,531003
325,120815A,0.3,0.14,3.1184,3.1274,0.218,0.029,SMC,1.29,0.2525185222,1313.4090365327331,1340.911143654731,1327.160090093732,531003
326,120815A,0.45,0.16,3.9109,3.9211,0.195,0.036,SMC,1.11,0.3507045752,8145.1671302261875,8338.731689085957,8241.949409656072,531003
327,120815A,0.45,0.16,3.9109,3.9211,0.195,0.036,SMC,1.11,0.3507045752,8145.1671302261875,8338.731689085957,8241.949409656072,531003
328,120815A,0.25,0.15,3.1785,3.1867,0.226,0.031,SMC,1.49,0.1654760335,1508.3426105404806,1537.0924876161678,1522.7175490783243,531003
329,120815A,0.18,0.13,3.2293,3.2363,0.24,0.025,SMC,1.0,0.4278612837,1695.5086118732536,1723.0584105672021,1709.2835112202279,531003
330,120815A,0.46,0.15,3.2768,3.2831,0.197,0.031,SMC,1.48,0.1699070429,1891.4723628330155,1919.1105813411912,1905.2914720871033,531003
331,120815A,0.27,0.14,3.319,3.3249,0.227,0.029,SMC,1.32,0.2369165032,2084.4908830972886,2113.002447024131,2098.74666506071,531003
332,120815A,0.29,0.16,3.4038,3.4063,0.223,0.033,SMC,1.71,0.1009002108,2533.9614293978393,2548.590148373727,2541.275788885783,531003
333,120815A,0.21,0.13,3.4693,3.4763,0.236,0.027,SMC,1.13,0.3387067487,2946.4562708650446,2994.3323338672667,2970.394302366156,531003
334,120815A,0.58,0.2,4.0391,4.0462,0.189,0.047,SMC,1.59,0.1337790342,10942.08288036683,11122.438165659853,11032.260523013341,531003
335,120815A,0.58,0.18,4.0391,4.0558,0.189,0.042,SMC,1.27,0.2529741394,10942.08288036683,11371.035097106495,11156.558988736662,531003
336,120815A,0.27,0.12,3.5355,3.5373,0.233,0.025,SMC,0.92,0.4914035142,3431.6263979646833,3445.8788144433506,3438.752606204017,531003
337,120815A,0.18,0.16,3.5891,3.5905,0.244,0.031,SMC,1.33,0.2326099446,3882.397512057637,3894.933077036545,3888.665294547091,531003
338,120815A,0.26,0.17,3.6373,3.6387,0.229,0.034,SMC,1.59,0.1331868884,4338.104405465892,4352.111366239774,4345.107885852833,531003
339,120815A,-0.62,0.44,22707.0,3.6387,0.357,0.065,SMC,0.78,0.535269984,inf,4352.111366239774,inf,531003
340,120815A,-0.73,0.48,24631.0,3.6387,0.373,0.072,SMC,0.94,0.440327995,inf,4352.111366239774,inf,531003
341,120815A,-0.55,0.35,25938.0,3.6387,0.344,0.051,SMC,0.48,0.747025781,inf,4352.111366239774,inf,531003
342,120815A,-0.61,0.33,26985.0,3.6387,0.346,0.048,SMC,0.48,0.748384217,inf,4352.111366239774,inf,531003
343,120815A,-0.63,0.38,29738.0,3.6387,0.345,0.055,SMC,0.64,0.634754519,inf,4352.111366239774,inf,531003
344,121024A,0.66,0.31,4.945,3.6387,0.119,0.073,SMC,0.43,0.8824921473,88104.88730080146,4352.111366239774,46228.499333520616,536580
345,121024A,0.47,0.27,5.029,3.6387,0.21,0.052,SMC,0.41,0.8992342879,106905.48792226578,4352.111366239774,55628.79964425277,536580
346,121027A,1.86,0.19,5.248,3.6387,0.0,0.026,MW,1.23,0.2809165089,177010.8958317422,4352.111366239774,90681.503598991,536831
347,121128A,3.89,1.43,3.3328,3.3498,0.0,0.098,SMC,0.04,0.9969781099,2151.790570339755,2237.690406737124,2194.7404885384394,539866
348,121201A,-1.33,0.96,46586.0,3.3498,0.311,0.093,SMC,0.93,0.444765384,inf,2237.690406737124,inf,540178
349,121217A,0.98,0.01,3.616,3.3498,0.145,0.001,MW,0.0,0.9999836699,4130.475019901614,2237.690406737124,3184.082713319369,542441
350,121217A,0.98,0.01,3.337,3.3498,0.15,0.003,MW,0.02,0.9992366985,2172.7011788637456,2237.690406737124,2205.195792800435,542441
351,121217A,-0.75,0.29,3.5725,3.5748,0.16,0.029,SMC,1.89,0.109938932,3736.801253821156,3756.64364614459,3746.722449982873,542441
352,121217A,-0.91,0.08,35955.0,3.5748,0.177,0.007,SMC,0.07,0.991856939,inf,3756.64364614459,inf,542441
353,121217A,-0.96,0.26,36549.0,3.5748,0.18,0.029,SMC,0.84,0.497126675,inf,3756.64364614459,inf,542441
354,121217A,-0.48,0.16,30492.0,3.5748,0.132,0.015,SMC,0.26,0.901618184,inf,3756.64364614459,inf,542441
355,121217A,-0.48,0.16,30492.0,3.5748,0.132,0.015,SMC,0.26,0.901618184,inf,3756.64364614459,inf,542441
356,121217A,-0.48,0.16,30492.0,3.5748,0.132,0.015,SMC,0.26,0.901618184,inf,3756.64364614459,inf,542441
357,121217A,-1.03,0.14,31605.0,3.5748,0.208,0.014,SMC,0.13,0.972761914,inf,3756.64364614459,inf,542441
358,121217A,-1.03,0.14,31605.0,3.5748,0.208,0.014,SMC,0.13,0.972761914,inf,3756.64364614459,inf,542441
359,121217A,-1.03,0.14,31605.0,3.5748,0.208,0.014,SMC,0.13,0.972761914,inf,3756.64364614459,inf,542441
360,121217A,-0.54,0.18,32019.0,3.5748,0.144,0.017,SMC,0.57,0.681639459,inf,3756.64364614459,inf,542441
361,121217A,-0.54,0.18,32019.0,3.5748,0.144,0.017,SMC,0.57,0.681639459,inf,3756.64364614459,inf,542441
362,121217A,-0.54,0.18,32019.0,3.5748,0.144,0.017,SMC,0.57,0.681639459,inf,3756.64364614459,inf,542441
363,121217A,-0.71,0.02,48735.0,3.5748,0.222,0.004,LMC,0.0,0.999565591,inf,3756.64364614459,inf,542441
364,121217A,-0.54,0.18,32019.0,3.5748,0.144,0.017,SMC,0.57,0.681639459,inf,3756.64364614459,inf,542441
365,121217A,-0.54,0.18,32019.0,3.5748,0.144,0.017,SMC,0.57,0.681639459,inf,3756.64364614459,inf,542441
366,121217A,-0.78,0.22,32521.0,3.5748,0.177,0.022,SMC,1.97,0.09532278,inf,3756.64364614459,inf,542441
367,121217A,-0.54,0.04,32969.0,3.5748,0.144,0.003,SMC,0.04,0.997017179,inf,3756.64364614459,inf,542441
368,121217A,-0.59,0.13,33755.0,3.5748,0.154,0.013,SMC,0.37,0.831049761,inf,3756.64364614459,inf,542441
369,121217A,-0.75,0.04,34096.0,3.5748,0.164,0.004,SMC,0.04,0.997574474,inf,3756.64364614459,inf,542441
370,121217A,-0.59,0.18,34409.0,3.5748,0.154,0.017,SMC,0.79,0.529215661,inf,3756.64364614459,inf,542441
371,121217A,-0.63,0.05,34703.0,3.5748,0.147,0.005,SMC,0.06,0.992811517,inf,3756.64364614459,inf,542441
372,121217A,-0.84,0.01,34989.0,3.5748,0.173,0.0,SMC,0.0,0.999999124,inf,3756.64364614459,inf,542441
373,121217A,-0.53,0.18,35245.0,3.5748,0.141,0.017,SMC,0.86,0.487344052,inf,3756.64364614459,inf,542441
374,130418A,1.11,0.1,4.358,3.5748,0.0,0.01,SMC,1.19,0.3056619694,22803.420720004164,3756.64364614459,13280.032183074378,553847
375,130418A,1.21,0.18,4.5205,4.537,0.0,0.121,LMC,1.26,0.09110168354,33151.25698118432,34434.99307633384,33793.12502875908,553847
376,130418A,1.2,0.19,4.5218,4.537,0.0,0.129,LMC,1.29,0.07527294336,33250.639317744,34434.99307633384,33842.81619703892,553847
377,130418A,1.22,0.13,4.5231,4.537,0.0,0.055,SMC,1.2,0.1632560668,33350.319587164195,34434.99307633384,33892.65633174902,553847
378,130418A,1.22,0.2,4.5243,4.537,0.0,0.137,LMC,1.27,0.1100603882,33442.597353373436,34434.99307633384,33938.79521485364,553847
379,130418A,1.14,0.21,4.5257,4.537,0.0,0.147,LMC,1.27,0.1152366315,33550.57749988974,34434.99307633384,33992.78528811179,553847
380,130418A,1.06,0.24,4.5269,4.537,0.0,0.163,LMC,1.34,0.077546618,33643.40936432302,34434.99307633384,34039.20122032843,553847
381,130418A,1.39,0.18,4.5828,4.6022,0.0,0.096,MW,1.26,0.08162379538,38264.84865951093,40012.897354069864,39138.873006790396,553847
382,130418A,1.4,0.25,4.5828,4.6022,0.0,1.472,LMC,1.26,0.08696505017,38264.84865951093,40012.897354069864,39138.873006790396,553847
383,130418A,1.38,0.19,4.5838,4.6022,0.011,0.144,MW,1.26,0.08705468647,38353.058245685934,40012.897354069864,39182.9777998779,553847
384,130418A,1.39,0.18,4.5839,4.6022,0.022,0.141,MW,1.14,0.2190747995,38361.890380502715,40012.897354069864,39187.393867286286,553847
385,130418A,1.38,0.19,4.5849,4.6022,0.047,0.142,MW,1.12,0.25230458,38450.32367094809,40012.897354069864,39231.61051250898,553847
386,130418A,1.46,0.19,4.5862,4.6022,0.001,0.147,MW,1.1,0.2913721583,38565.59178913931,40012.897354069864,39289.24457160459,553847
387,130418A,1.38,0.2,4.5873,4.6022,0.071,0.153,MW,1.09,0.3096389894,38663.39621093609,40012.897354069864,39338.146782502976,553847
388,130418A,1.39,0.22,4.5883,4.6022,0.055,0.164,MW,1.13,0.2600873987,38752.52454410249,40012.897354069864,39382.71094908618,553847
389,130418A,1.32,0.21,4.5894,4.6022,0.033,0.162,MW,0.98,0.4964664711,38850.80303745284,40012.897354069864,39431.85019576135,553847
390,130418A,1.3,0.22,4.5904,4.6022,0.014,0.162,MW,0.87,0.6941040023,38940.36338797171,40012.897354069864,39476.63037102079,553847
391,130418A,1.31,0.34,4.5916,4.6022,0.0,0.011,LMC,0.88,0.6597565851,39048.10837492533,40012.897354069864,39530.5028644976,553847
392,130418A,1.09,0.39,4.6171,4.6272,0.173,0.281,MW,0.94,0.544608661,41409.50127434675,42383.810577435026,41896.65592589089,553847
393,130418A,1.12,0.39,4.6171,4.6282,0.16,0.278,MW,0.96,0.5170296247,41409.50127434675,42481.51535146456,41945.50831290566,553847
394,130418A,1.16,0.4,4.6171,4.6292,0.139,0.287,MW,1.08,0.3593430051,41409.50127434675,42579.44535825967,41994.47331630321,553847
395,130418A,1.23,0.41,4.6171,4.6301,0.083,0.287,MW,1.1,0.3205575615,41409.50127434675,42667.775367496295,42038.63832092153,553847
396,130418A,1.3,0.39,4.6171,4.6314,0.027,0.274,MW,1.06,0.3828292328,41409.50127434675,42795.68675300529,42102.59401367602,553847
397,130418A,1.27,0.39,4.6171,4.6333,0.062,0.276,MW,1.08,0.3502403274,41409.50127434675,42983.32425215653,42196.41276325165,553847
398,130418A,1.38,0.46,4.6171,4.6346,0.0,0.288,LMC,1.13,0.2819573332,41409.50127434675,43112.181604374164,42260.84143936046,553847
399,130418A,1.3,0.47,4.6171,4.6357,0.017,0.294,LMC,1.22,0.1667448336,41409.50127434675,43221.516423278736,42315.508848812744,553847
400,130418A,1.33,0.49,4.6171,4.6366,0.006,0.306,LMC,1.36,0.06874325316,41409.50127434675,43311.17839310401,42360.33983372538,553847
401,130418A,1.12,0.54,4.6189,4.6398,0.06,0.328,LMC,1.38,0.05847912389,41581.485456158014,43631.48555506765,42606.48550561283,553847
402,130418A,1.26,0.52,4.6199,4.6398,0.008,0.319,LMC,1.22,0.1802599782,41677.340679767214,43631.48555506765,42654.41311741743,553847
403,130418A,1.5,0.46,4.6208,4.6418,0.0,0.373,MW,1.32,0.1084357379,41763.799295097386,43832.87934192464,42798.33931851102,553847
404,130420A,0.64,0.55,4.9357,4.9433,0.527,0.394,MW,1.45,0.1795135456,86238.26291517654,87760.68411366193,86999.47351441924,553977
405,130420A,1.08,0.77,3.9533,3.9639,0.109,0.451,MW,1.7,0.08387168481,8980.489305127521,9202.37654805671,9091.432926592115,553977
406,130420A,1.18,0.53,3.9533,3.9694,0.057,0.312,MW,1.14,0.3176192501,8980.489305127521,9319.658525658417,9150.073915392968,553977
407,130420A,1.22,0.5,3.9533,3.9739,0.009,0.287,MW,1.05,0.399725191,8980.489305127521,9416.727433955184,9198.608369541353,553977
408,130420A,0.99,0.99,3.9588,3.9789,0.0,0.026,LMC,0.44,0.9500400323,9094.943385552955,9525.767998554596,9310.355692053776,553977
409,130420A,1.03,0.32,3.9634,3.9841,0.0,0.012,MW,0.24,0.9961381569,9191.788016944913,9640.509790107477,9416.148903526195,553977
410,130420A,0.96,0.24,4.0172,4.0362,0.0,0.021,LMC,0.99,0.4582010279,10403.991770513518,10869.260563262285,10636.626166887901,553977
411,130420A,0.96,0.26,4.0214,4.0362,0.0,0.01,LMC,1.1,0.3532844166,10505.095382546577,10869.260563262285,10687.177972904432,553977
412,130427A,0.32,0.05,3.4306,3.4459,0.221,0.083,SMC,0.8,0.5479936996,2695.2558665040997,2791.900908278534,2743.578387391317,554620
413,130427A,0.24,0.06,3.5388,3.5557,0.447,0.17,SMC,1.43,0.1986580377,3457.8010353230598,3595.0091493002346,3526.4050923116474,554620
414,130427A,0.89,0.19,4.3176,4.3359,0.0,0.059,SMC,1.75,0.1195646953,20777.820975042647,21672.05029964236,21224.935637342503,554620
415,130427A,0.96,0.23,4.8653,4.8831,0.0,0.301,SMC,1.33,0.1446493773,73333.09252741515,76401.16835170182,74867.13043955849,554620
416,130427A,0.98,0.44,4.8676,4.8885,0.0,0.354,LMC,1.57,0.0618004237,73722.49081043366,77357.06787749383,75539.77934396375,554620
417,130427A,0.95,0.51,4.8714,4.8885,0.0,0.186,LMC,1.69,0.05022653216,74370.37990627131,77357.06787749383,75863.72389188258,554620
418,130427A,0.72,0.37,4.8714,4.8908,0.099,0.394,LMC,1.36,0.1232027405,74370.37990627131,77767.83344557049,76069.10667592089,554620
419,130427A,0.57,0.3,4.8759,4.8928,0.277,0.332,LMC,0.88,0.4325728001,75144.98463746837,78126.79345516053,76635.88904631445,554620
420,130427A,0.75,0.43,4.878,4.8928,0.157,0.458,LMC,1.13,0.2802023573,75509.22276654342,78126.79345516053,76818.00811085198,554620
421,130427A,0.86,0.07,5.1981,5.2087,0.0,0.031,SMC,0.4,0.9965426689,157797.45699434454,161696.26935123038,159746.86317278747,554620
422,130427A,0.85,0.11,5.1981,5.2099,0.0,0.253,LMC,0.38,0.999114651,157797.45699434454,162143.6704773606,159970.56373585257,554620
423,130427A,0.84,0.07,5.2123,5.2332,0.0,0.01,SMC,0.67,0.9566929463,163042.18992825644,171080.29875993286,167061.24434409465,554620
424,130427A,0.85,0.06,5.2135,5.234,0.0,0.359,SMC,0.59,0.9896075354,163493.3151129828,171395.73075084251,167444.52293191265,554620
425,130427A,0.85,0.06,5.2135,5.2343,0.0,0.063,SMC,0.6,0.9877780597,163493.3151129828,171514.16762917052,167503.74137107667,554620
426,130427A,0.84,0.06,5.2147,5.2346,0.0,0.07,SMC,0.49,0.9991018699,163945.68852635712,171632.6863490595,167789.18743770831,554620
427,130427A,0.83,0.06,5.2147,5.2355,0.0,0.014,SMC,0.5,0.9986799796,163945.68852635712,171988.73412382414,167967.2113250906,554620
428,130427A,0.85,0.12,5.2157,5.2366,0.0,0.034,LMC,0.61,0.9839813635,164323.62237025567,172424.90683416426,168374.26460220997,554620
429,130427A,0.86,0.07,5.217,5.2377,0.0,4.789,SMC,0.66,0.960886198,164816.23915255067,172862.18570203392,168839.2124272923,554620
430,130427A,0.86,0.12,5.217,5.2381,0.0,0.112,LMC,0.64,0.9710465319,164816.23915255067,173021.47100114072,168918.85507684568,554620
431,130427A,0.69,0.11,5.2559,5.2683,0.785,0.079,MW,1.54,0.1363688882,180260.262847573,185481.2440027907,182870.75342518184,554620
432,130427A,0.77,0.14,5.258,5.2683,0.836,0.102,MW,1.91,0.07518200075,181134.00926196025,185481.2440027907,183307.62663237547,554620
433,130427A,0.53,0.14,5.303,5.3151,0.552,0.1,MW,1.79,0.05675850823,200909.28126087278,206585.5781922722,203747.42972657247,554620
434,130427A,0.55,0.09,5.3075,5.3151,0.586,0.062,MW,0.49,0.8436498947,203001.85198596845,206585.5781922722,204793.71508912032,554620
435,130427A,1.1,0.05,5.5195,5.5326,0.0,0.033,MW,1.36,0.06425357657,330750.1120592544,340878.806010259,335814.4590347567,554620
436,130427A,1.09,0.27,5.5195,5.5328,0.0,0.593,LMC,1.35,0.06750970158,330750.1120592544,341035.82265334926,335892.96735630184,554620
437,130427A,1.09,0.14,5.5195,5.5334,0.0,10.99,SMC,1.32,0.07841402895,330750.1120592544,341507.3066688276,336128.709364041,554620
438,130427A,1.09,0.25,5.5195,5.5339,0.0,0.674,LMC,1.29,0.09455180375,330750.1120592544,341900.70790206967,336325.40998066205,554620
439,130427A,1.08,0.24,5.5195,5.5345,0.0,0.192,LMC,1.21,0.156459182,330750.1120592544,342373.3876264528,336561.7498428536,554620
440,130427A,1.07,0.13,5.5195,5.535,0.0,0.224,SMC,1.27,0.1027481072,330750.1120592544,342767.78654645046,336758.9493028524,554620
441,130427A,1.06,0.12,5.5195,5.5356,0.0,0.823,SMC,1.25,0.1185806337,330750.1120592544,343241.6650121199,336995.8885356871,554620
442,130427A,1.06,0.23,5.5195,5.5364,0.0,0.005,LMC,1.17,0.1840982912,330750.1120592544,343874.5222291275,337312.31714419095,554620
443,130427A,1.08,0.12,5.5195,5.5367,0.0,0.122,SMC,1.21,0.1402007054,330750.1120592544,344112.1443960906,337431.1282276725,554620
444,130427A,1.06,0.12,5.5195,5.5373,0.0,0.029,SMC,1.24,0.1102160773,330750.1120592544,344587.88144433504,337668.9967517947,554620
445,130427A,1.07,0.22,5.5195,5.5378,0.0,5.779,LMC,1.22,0.1264174857,330750.1120592544,344984.8313627505,337867.4717110024,554620
446,130427A,1.06,0.22,5.5195,5.5384,0.0,0.011,LMC,1.22,0.1311767795,330750.1120592544,345461.7749058203,338105.94348253735,554620
447,130427A,1.07,0.21,5.5195,5.539,0.0,0.27,LMC,1.18,0.161692578,330750.1120592544,345939.3778261217,338344.74494268803,554620
448,130427A,1.07,0.21,5.5195,5.5395,0.0,0.33,LMC,1.16,0.1816040158,330750.1120592544,346337.8846082797,338543.99833376706,554620
449,130427A,1.07,0.11,5.5195,5.54,0.0,0.311,SMC,1.19,0.1523480087,330750.1120592544,346736.85045253165,338743.481255893,554620
450,130427A,1.07,0.2,5.5195,5.5406,0.0,0.662,LMC,1.17,0.1704182229,330750.1120592544,347216.21617221984,338983.1641157371,554620
451,130427A,1.07,0.2,5.5195,5.541,0.0,0.089,LMC,1.13,0.2193975172,330750.1120592544,347536.16144320613,339143.1367512302,554620
452,130427A,1.06,0.19,5.5202,5.5411,0.0,1.91,LMC,1.07,0.3243458069,331283.64811728144,347616.1938153812,339449.9209663313,554620
453,130427A,1.06,0.2,5.5208,5.5417,0.0,1.826,LMC,1.07,0.3225980177,331741.64969453926,348096.7752324006,339919.21246346994,554620
454,130427A,1.06,0.19,5.5208,5.5422,0.0,3.195,LMC,1.06,0.353112922,331741.64969453926,348497.7672404488,340119.708467494,554620
455,130427A,1.06,0.1,5.5213,5.5422,0.0,0.21,SMC,1.08,0.3188016383,332123.80132514593,348497.7672404488,340310.78428279737,554620
456,130427A,1.06,0.19,5.5219,5.543,0.0,0.245,LMC,1.05,0.3651781072,332582.96441911696,349140.31547858624,340861.6399488516,554620
457,130427A,1.08,0.04,5.5219,5.5434,0.0,0.326,MW,1.08,0.3095250128,332582.96441911696,349462.03372688557,341022.49907300127,554620
458,130427A,1.06,0.1,5.5225,5.544,0.0,0.525,SMC,1.11,0.2601974236,333042.7623087463,349945.1670283569,341493.9646685516,554620
459,130427A,1.06,0.2,5.523,5.5445,0.0,0.275,LMC,1.13,0.2292171578,333426.4127632347,350348.2883015712,341887.350532403,554620
460,130427A,1.05,0.1,5.5236,5.5451,0.0,0.107,SMC,0.91,0.6646710261,333887.3767251231,350832.64685516525,342360.01179014414,554620
461,130427A,1.05,0.03,5.5242,5.5456,0.0,0.104,MW,0.76,0.9115538928,334348.9779723794,351236.790465681,342792.8842190302,554620
462,130427A,1.04,0.16,5.5248,5.546,0.0,0.137,LMC,0.72,0.9479088473,334811.2173860538,351560.4405282983,343185.82895717607,554620
463,130427A,1.05,0.17,5.5253,5.546,0.0,0.03,LMC,0.72,0.9484377879,335196.90502216254,351560.4405282983,343378.6727752304,554620
464,130427A,1.05,0.17,5.5259,5.546,0.0,0.148,LMC,0.72,0.9426026522,335660.31669993344,351560.4405282983,343610.3786141159,554620
465,130427A,1.05,0.18,5.5264,5.546,0.0,0.178,LMC,0.76,0.8978174074,336046.9824606992,351560.4405282983,343803.71149449877,554620
466,130427A,1.05,0.18,5.527,5.546,0.0,1.676,LMC,0.73,0.9233576587,336511.5693754908,351560.4405282983,344036.0049518946,554620
467,130427A,1.05,0.1,5.5276,5.546,0.0,0.09,SMC,0.75,0.9063417831,336976.7985844033,351560.4405282983,344268.6195563508,554620
468,130427A,1.05,0.1,5.5281,5.546,0.0,0.709,SMC,0.76,0.8972609001,337364.9808737675,351560.4405282983,344462.7107010329,554620
469,130427A,1.05,0.19,5.5287,5.546,0.0,0.175,LMC,0.8,0.8285913766,337831.3899290578,351560.4405282983,344695.91522867803,554620
470,130427A,1.05,0.04,5.5293,5.546,0.0,0.05,MW,0.8,0.8310575527,338298.44379759015,351560.4405282983,344929.44216294424,554620
471,130427A,1.06,0.19,5.5298,5.546,0.0,0.385,LMC,0.75,0.8889041727,338688.1485634765,351560.4405282983,345124.2945458874,554620
472,130427A,1.07,0.2,5.5301,5.546,0.0,0.236,LMC,0.76,0.881501647,338922.1868727554,351560.4405282983,345241.31370052684,554620
473,130427A,1.07,0.2,5.5304,5.546,0.0,0.432,LMC,0.79,0.8280259148,339156.386905822,351560.4405282983,345358.4137170601,554620
474,130427A,1.04,0.19,5.5309,5.546,0.0,0.199,LMC,0.66,0.952686955,339547.07998402324,351560.4405282983,345553.76025616075,554620
475,130427A,1.04,0.19,5.5313,5.546,0.0,0.524,LMC,0.66,0.9543723857,339859.95846566715,351560.4405282983,345710.19949698274,554620
476,130427A,1.04,0.2,5.5322,5.546,0.0,0.077,LMC,0.67,0.9392847719,340564.9895673606,351560.4405282983,346062.71504782944,554620
477,130427A,1.03,0.2,5.5326,5.546,0.0,0.197,LMC,0.67,0.9380568359,340878.806010259,351560.4405282983,346219.6232692787,554620
478,130427A,0.3,0.15,5.9602,5.976,0.0,0.143,LMC,0.41,0.9443773647,912430.9325911984,946237.161365793,929334.0469784957,554620
479,130427A,0.44,0.42,5.9639,5.9773,0.0,0.0,LMC,0.25,0.9863809421,920237.6548056701,949073.8338964756,934655.7443510729,554620
480,130427A,0.62,0.29,5.9748,5.9773,0.234,0.651,LMC,0.06,0.9979965488,943626.2202767271,949073.8338964756,946350.0270866014,554620
481,130427A,0.07,0.02,6.0375,6.0483,0.103,0.005,MW,0.0,0.9999658024,1090184.4923851267,1117635.0161087858,1103909.7542469562,554620
482,130427A,1.03,0.11,6.0894,6.1008,0.58,0.071,MW,0.23,0.9495171093,1228570.2652493895,1261246.5753175372,1244908.4202834633,554620
483,130427A,1.03,0.15,6.0894,6.1081,0.578,0.094,MW,0.41,0.8734710174,1228570.2652493895,1282625.8841809535,1255598.0747151715,554620
484,130427A,0.44,0.11,6.1637,6.1796,0.11,0.078,MW,1.14,0.3174476251,1457806.8950562803,1512167.8487917664,1484987.3719240234,554620
485,130427A,0.35,0.22,6.2167,6.2374,0.063,0.168,MW,1.45,0.1335106748,1647024.2744164213,1727428.1796735344,1687226.2270449777,554620
486,130427A,1.69,0.95,6.2958,6.2992,0.0,3.117,MW,1.84,0.07488629033,1976059.421548991,1991590.2890576117,1983824.8553033015,554620
487,130427A,1.68,0.68,6.2958,6.3084,0.0,2.751,MW,1.58,0.1258640926,1976059.421548991,2034229.7432117271,2005144.582380359,554620
488,130427A,1.72,0.7,6.2958,6.3096,0.0,0.093,MW,1.68,0.0879747718,1976059.421548991,2039858.3002685604,2007958.8609087756,554620
489,130427A,1.72,0.62,6.2978,6.3162,0.0,0.175,MW,1.34,0.2012066145,1985180.497416507,2071094.9036603374,2028137.7005384222,554620
490,130427A,1.72,0.64,6.2988,6.3162,0.0,23.009,MW,1.41,0.1754497359,1989756.811090657,2071094.9036603374,2030425.8573754972,554620
491,130427A,0.56,0.14,6.3084,6.3248,0.232,0.097,MW,1.7,0.05420567663,2034229.7432117271,2112515.9662408517,2073372.8547262894,554620
492,130427A,0.49,0.15,6.3162,6.3344,0.212,0.098,MW,1.64,0.08169007408,2071094.9036603374,2159732.680689392,2115413.7921748646,554620
493,130427A,0.49,0.15,6.3246,6.3441,0.214,0.099,MW,1.65,0.07900988524,2111543.340658844,2208513.2034348245,2160028.272046834,554620
494,130427A,1.34,0.41,6.3344,6.351,0.0,5.523,SMC,1.38,0.1534540728,2159732.680689392,2243881.9237827663,2201807.3022360792,554620
495,130427A,1.34,0.46,6.3441,6.351,0.0,0.178,LMC,1.64,0.07354630107,2208513.2034348245,2243881.9237827663,2226197.5636087954,554620
496,130427A,0.86,0.6,6.3978,6.3984,0.0,1.116,LMC,0.09,0.9908902098,2499194.175195829,2502649.325731077,2500921.750463453,554620
497,130427A,1.4,0.76,6.4125,6.422,0.592,1.277,MW,1.13,0.3409059856,2585234.839562189,2642408.757321945,2613821.7984420666,554620
498,130427A,1.72,0.55,6.4125,6.4273,0.042,0.94,MW,1.04,0.4104879192,2585234.839562189,2674853.4939635433,2630044.166762866,554620
499,130427A,1.06,0.5,6.4406,6.4411,0.0,0.922,LMC,0.06,0.996833634,2758036.4405972357,2761213.5759494514,2759625.0082733436,554620
500,130427A,0.86,0.72,6.6432,6.6517,0.09,1.236,LMC,0.17,0.9646803539,4397440.784473689,4484355.14638966,4440897.965431675,554620
501,130427A,0.84,0.55,6.6432,6.6601,0.213,0.912,LMC,0.11,0.9916588594,4397440.784473689,4571934.501781391,4484687.64312754,554620
502,130427A,1.06,0.51,6.6601,6.6762,0.0,0.929,LMC,0.14,0.9945916936,4571934.501781391,4744604.320607648,4658269.41119452,554620
503,130427A,1.05,0.65,6.6681,6.6762,0.0,1.214,LMC,0.19,0.9788526829,4656933.110262015,4744604.320607648,4700768.715434832,554620
504,130427A,1.22,0.76,6.6991,6.7139,0.0,1.257,LMC,0.22,0.9716450243,5001496.854402783,5174876.622934796,5088186.73866879,554620
505,130427A,1.06,0.93,6.7065,6.7139,0.0,1.609,LMC,0.29,0.9123935809,5087448.196446911,5174876.622934796,5131162.409690853,554620
506,130427A,1.41,0.19,7.2694,7.2774,0.0,0.964,MW,0.05,0.9999482144,18595163.44462468,18940873.344153427,18768018.394389056,554620
507,130427A,1.46,0.37,7.2694,7.2812,0.0,0.209,LMC,0.04,0.9999960922,18595163.44462468,19107329.810428735,18851246.627526708,554620
508,130427A,1.47,0.25,7.2694,7.2852,0.0,0.835,SMC,0.05,0.9999998527,18595163.44462468,19284127.75639425,18939645.600509465,554620
509,130427A,1.49,0.35,7.2733,7.2852,0.0,1.273,LMC,0.05,0.9999982318,18762901.558379006,19284127.75639425,19023514.657386627,554620
510,130427A,1.42,0.49,7.2773,7.2852,0.0,0.02,LMC,0.07,0.9997991257,18936512.54896675,19284127.75639425,19110320.1526805,554620
511,130427A,1.29,0.15,7.2967,7.3005,2.787,0.545,MW,0.03,0.9996612875,19801587.080824137,19975607.684427097,19888597.382625617,554620
512,130427A,-1.48,0.61,5.1446,5.1481,0.576,0.391,SMC,1.31,0.23518886,139508.28503573677,140637.13158132898,140072.7083085329,554620
513,130427A,-0.5,0.12,5.648,5.6591,0.0,0.238,LMC,1.02,0.37234408,444631.2674691084,456141.93442198244,450386.6009455454,554620
514,130427A,-0.4,0.11,5.6482,5.6651,0.0,0.17,LMC,1.1,0.181174836,444836.07488981134,462487.500822402,453661.78785610665,554620
515,130427A,-0.35,0.1,5.6534,5.6651,0.0,0.185,LMC,0.72,0.40232069,450194.3082824315,462487.500822402,456340.90455241676,554620
516,130427A,-0.28,0.13,5.6591,5.6651,0.0,0.19,LMC,0.76,0.348166008,456141.93442198244,462487.500822402,459314.7176221922,554620
517,130427A,-1.27,0.57,5.8487,5.8694,0.955,0.419,SMC,0.7,0.670375088,705829.8158598233,740286.7904919349,723058.3031758791,554620
518,130427A,-0.86,0.22,7.4189,7.4236,2.775,0.415,SMC,0.02,0.999916858,26236143.642959226,26521617.055078838,26378880.349019032,554620
519,130505A,1.07,0.2,5.2123,5.2124,0.125,0.058,MW,0.71,0.6131065693,163042.18992825644,163079.73610235928,163060.96301530785,555163
520,130606A,1.1,0.38,5.094,5.2124,0.0,0.026,LMC,0.1,0.9827586513,124165.2307592412,163079.73610235928,143622.48343080023,557589
521,130702A,0.04,0.04,7.7375,7.7375,2.793,0.099,SMC,0.02,0.9993329747,54638654.9881854,54638654.9881854,54638654.9881854,Fermi
522,130702A,-0.79,0.35,5.9217,5.9309,5.243,2.154,SMC,1.13,0.339779487,835026.0034320126,852903.7030705669,843964.8532512898,Fermi
523,130702A,-0.59,0.07,6.3144,6.3146,7.423,0.94,SMC,0.3,0.87929964,2062528.6978465728,2063478.7461531984,2063003.7219998855,Fermi
524,130831A,0.89,0.2,4.9841,4.9932,1.11,0.231,SMC,0.13,0.9708260554,96405.09790107467,98446.43639803781,97425.76714955624,568849
525,130831A,1.54,0.17,3.6576,3.6776,0.361,0.174,LMC,1.2,0.05259765997,4545.6919358492405,4759.923796672499,4652.80786626087,568849
526,130831A,1.59,0.12,3.6593,3.6776,0.255,0.128,LMC,0.48,0.5543060563,4563.520439214676,4759.923796672499,4661.722117943587,568849
527,130831A,1.58,0.11,3.6661,3.6857,0.332,0.115,SMC,0.7,0.7697595183,4635.536446198508,4849.5339049834165,4742.535175590962,568849
528,130831A,1.53,0.13,3.6666,3.6857,0.379,0.127,SMC,0.73,0.7083538519,4640.876378080087,4849.5339049834165,4745.205141531752,568849
529,130831A,1.57,0.1,3.6761,3.6937,0.348,0.108,SMC,0.61,0.8372824863,4743.511960856962,4939.693471692561,4841.602716274761,568849
530,130831A,1.55,0.13,3.6842,3.7017,0.364,0.136,SMC,0.93,0.5187170268,4832.813100695309,5031.529229893185,4932.171165294247,568849
531,130831A,1.68,0.17,3.6922,3.7093,0.212,0.174,SMC,1.42,0.1462470798,4922.661804443356,5120.354149383066,5021.507976913212,568849
532,130831A,1.72,0.14,3.7153,3.7328,0.119,0.15,LMC,0.7,0.6829416091,5191.585371063544,5405.053537086691,5298.319454075117,568849
533,130831A,1.93,0.23,3.7317,3.7469,0.0,0.229,LMC,1.41,0.1467974143,5391.380704697852,5583.416170259268,5487.39843747856,568849
534,130831A,1.78,0.22,3.7389,3.7538,0.084,0.225,LMC,1.29,0.1886803886,5481.507340176555,5672.833016309789,5577.170178243172,568849
535,130831A,1.85,0.1,3.7419,3.7607,0.155,0.21,MW,1.58,0.08116850294,5519.503333867388,5763.681848104129,5641.592590985759,568849
536,130831A,1.83,0.07,3.7459,3.7607,0.191,0.146,MW,0.77,0.6855838289,5570.574669415543,5763.681848104129,5667.128258759836,568849
537,130831A,1.81,0.09,3.7528,3.7673,0.228,0.193,MW,1.33,0.1943828859,5659.785862426966,5851.94182378082,5755.863843103893,568849
538,130831A,1.85,0.09,3.7596,3.7739,0.221,0.185,MW,1.17,0.2980259975,5749.101815675034,5941.553335422145,5845.32757554859,568849
539,130831A,1.9,0.1,3.7663,3.7816,0.069,0.203,MW,1.34,0.1893785379,5838.482731071996,6047.835918818006,5943.159324945001,568849
540,130831A,1.87,0.23,3.7807,3.7943,0.0,0.078,LMC,1.47,0.1286173447,6035.315805032603,6227.303034831227,6131.309419931915,568849
541,130831A,1.77,0.1,3.8056,3.8188,0.425,0.23,MW,1.45,0.1356939949,6391.458891858142,6588.704043340734,6490.081467599438,568849
542,130831A,1.86,0.1,3.8067,3.8258,0.288,0.237,MW,1.56,0.08845303588,6407.667976494362,6695.76187175689,6551.714924125627,568849
543,130831A,1.84,0.11,3.8118,3.8258,0.291,0.246,MW,1.68,0.06400693896,6483.357951220567,6695.76187175689,6589.559911488728,568849
544,130831A,1.74,0.25,3.8177,3.8315,0.146,0.266,LMC,1.44,0.1098581256,6572.037002870897,6784.221204982605,6678.129103926751,568849
545,130831A,1.69,0.22,3.8177,3.8363,0.195,0.227,LMC,1.25,0.1344823212,6572.037002870897,6859.619085293151,6715.828044082024,568849
546,130831A,1.63,0.19,3.8247,3.8373,0.275,0.199,LMC,0.74,0.3643467748,6678.824013665395,6875.432140408455,6777.128077036925,568849
547,130831A,1.32,0.23,3.8363,3.854,0.693,0.222,SMC,1.17,0.2932204442,6859.619085293151,7144.963260755135,7002.291173024143,568849
548,130831A,1.4,0.19,3.8373,3.854,0.531,0.2,LMC,0.69,0.3247575728,6875.432140408455,7144.963260755135,7010.197700581795,568849
549,130831A,1.48,0.18,3.8417,3.8585,0.467,0.173,SMC,0.72,0.7653490681,6945.443775834018,7219.381629371591,7082.4127026028045,568849
550,130831A,1.61,0.23,3.842,3.8594,0.366,0.221,SMC,1.07,0.3828098994,6950.243175887969,7234.358058506353,7092.300617197161,568849
551,130831A,1.48,0.23,3.842,3.8637,0.486,0.224,SMC,1.22,0.241840628,6950.243175887969,7306.342048960199,7128.292612424084,568849
552,130831A,1.5,0.24,3.8429,3.8637,0.486,0.242,SMC,1.28,0.2127787565,6964.661283938881,7306.342048960199,7135.50166644954,568849
553,130831A,1.58,0.22,3.8473,3.8646,0.399,0.22,SMC,1.15,0.2990770149,7035.581528181841,7321.49887534064,7178.5402017612405,568849
554,130831A,1.61,0.23,3.8476,3.8689,0.379,0.228,SMC,1.21,0.250404909,7040.443214699752,7394.349942551872,7217.396578625812,568849
555,130831A,1.63,0.25,3.8476,3.8692,0.306,0.254,LMC,1.25,0.1406529415,7040.443214699752,7399.459543127244,7219.951378913498,568849
556,130831A,1.59,0.25,3.8485,3.87,0.284,0.265,LMC,1.33,0.09348681485,7055.048440506529,7413.102413009177,7234.075426757853,568849
557,130831A,1.63,0.26,3.8528,3.8741,0.262,0.27,LMC,1.31,0.1264950347,7125.248247522667,7483.417927401598,7304.333087462132,568849
558,130831A,1.61,0.25,3.853,3.8745,0.3,0.251,SMC,1.39,0.1312890428,7128.530301265198,7490.313585107569,7309.421943186384,568849
559,130831A,1.74,0.25,3.854,3.8753,0.145,0.258,SMC,1.33,0.1666065951,7144.963260755135,7504.123968558002,7324.543614656568,568849
560,130831A,1.66,0.24,3.8583,3.8792,0.205,0.244,SMC,1.24,0.2301508137,7216.057746678523,7571.815097147055,7393.936421912789,568849
561,130831A,1.63,0.26,3.8583,3.8797,0.205,0.278,LMC,1.24,0.1787118179,7216.057746678523,7580.537491482208,7398.297619080366,568849
562,130831A,1.76,0.29,3.8594,3.8804,0.087,0.336,LMC,1.53,0.07672549757,7234.358058506353,7592.765726465254,7413.561892485804,568849
563,130831A,1.88,0.13,3.8741,3.8894,0.0,0.067,MW,1.7,0.0600892236,7483.417927401598,7751.75432069081,7617.586124046204,568849
564,130831A,1.94,0.42,3.8792,3.8894,0.0,0.336,LMC,1.01,0.4297280965,7571.815097147055,7751.75432069081,7661.784708918933,568849
565,130831A,1.05,0.06,4.7856,4.8037,0.92,0.055,MW,0.73,0.6427869778,61037.95855585302,63635.5790040944,62336.76877997371,568849
566,130831A,1.01,0.09,4.7893,4.8037,0.901,0.066,MW,0.86,0.5254447421,61560.196864489575,63635.5790040944,62597.88793429198,568849
567,130831A,0.97,0.17,4.7945,4.8037,0.879,0.118,MW,2.19,0.06745506686,62301.71474290644,63635.5790040944,62968.64687350042,568849
568,130831A,-1.52,1.13,4.8495,4.8639,4.754,1.537,MW,0.51,0.829416485,70713.1200681301,73097.07518686012,71905.09762749511,568849
569,130907A,0.82,0.68,4.3032,4.3139,0.695,0.385,LMC,0.9,0.1604535126,20100.182471136948,20601.55490320011,20350.868687168528,569992
570,130907A,1.24,0.76,4.3032,4.316,0.537,0.42,LMC,1.18,0.09049786699,20100.182471136948,20701.413487910413,20400.797979523682,569992
571,130907A,1.26,0.75,4.3032,4.3175,0.544,0.416,LMC,1.15,0.1051481056,20100.182471136948,20773.03725572563,20436.609863431288,569992
572,131011A,0.62,0.13,5.158,4.3175,0.036,0.049,MW,0.97,0.449341878,143879.85782558465,20773.03725572563,82326.44754065514,Fermi
573,140226A,0.33,0.02,5.225,4.3175,0.0,0.007,LMC,0.0,0.9990098172,167880.4018122559,20773.03725572563,94326.71953399076,iPTF
574,140226A,1.69,1.66,5.2375,5.2505,0.89,0.309,LMC,0.0,0.9999993584,172782.59805078627,178032.79088537276,175407.6944680795,iPTF
575,140226A,-1.28,0.64,48958.0,5.2505,0.336,0.143,SMC,2.09,0.078723458,inf,178032.79088537276,inf,iPTF
576,140226A,-0.53,0.48,49293.0,5.2505,0.238,0.117,LMC,0.17,0.951746765,inf,178032.79088537276,inf,iPTF
577,140318A,-1.61,1.27,42871.0,5.2505,1.827,1.226,LMC,0.46,0.07496622,inf,178032.79088537276,inf,592204
578,140419A,0.8,0.1,3.9254,3.9459,0.04,0.041,MW,1.62,0.1020953136,8421.704521982787,8828.765871653017,8625.235196817903,596426
579,140419A,0.91,0.04,3.7341,3.7427,0.0,0.0,MW,0.38,0.8220720438,5421.2570508795725,5529.680004928025,5475.4685279037985,596426
580,140419A,-0.65,0.24,49548.0,3.7427,0.206,0.026,SMC,0.81,0.560111928,inf,5529.680004928025,inf,596426
581,140423A,1.87,0.7,4.2735,4.274,0.0,0.021,MW,1.63,0.1490614287,18771.544183750244,18793.168168032684,18782.356175891466,596901
582,140423A,0.58,0.23,5.2266,5.2281,0.025,0.107,MW,0.74,0.6422633976,168500.03677818333,169083.02148684123,168791.52913251228,596901
583,140430A,-0.48,0.02,2.4118,2.414,0.574,0.003,SMC,0.0,0.999999994,258.1071289645939,259.4179362118815,258.7625325882377,597722
584,140430A,-1.56,1.47,2.9129,2.9181,0.753,0.309,SMC,0.65,0.628027073,818.2763513481793,828.1328263907462,823.2045888694628,597722
585,140506A,0.59,0.45,5.481,2.9181,1.019,0.33,MW,0.61,0.65356138,302691.34281013045,828.1328263907462,151759.7378182606,598284
586,140508A,0.44,0.22,5.292,2.9181,0.614,0.183,LMC,0.54,0.689786879,195884.4673505989,828.1328263907462,98356.30008849481,Fermi
587,140508A,-1.36,0.39,50161.0,2.9181,1.909,0.376,SMC,0.49,0.813783253,inf,828.1328263907462,inf,Fermi
588,140508A,-1.69,1.25,54456.0,2.9181,2.209,1.211,SMC,0.44,0.850868351,inf,828.1328263907462,inf,Fermi
589,140509A,0.55,0.26,4.456,2.9181,0.083,0.046,SMC,0.12,0.9935685052,28575.905433749496,828.1328263907462,14702.01913007012,598497
590,140512A,0.36,0.36,4.486,2.9181,0.472,0.405,MW,0.66,0.7072951378,30619.634336906754,828.1328263907462,15723.88358164875,598819
591,140518A,0.85,0.44,3.6752,3.6844,0.133,0.109,LMC,1.07,0.1238764728,4733.692033483014,4835.039205916214,4784.365619699614,599287
592,140518A,-1.57,0.85,3.8179,3.8321,0.358,0.096,SMC,0.93,0.488321563,6575.064234749979,6793.600430398661,6684.33233257432,599287
593,140518A,-1.23,1.16,3.8183,3.8385,0.343,0.132,SMC,1.78,0.06734339,6581.122882388993,6894.455931709223,6737.7894070491075,599287
594,140518A,-1.5,0.62,3.3806,3.3818,0.386,0.069,SMC,2.11,0.076226738,2402.1493195322587,2408.79588172571,2405.4726006289843,599287
595,140518A,-1.24,0.63,3.7749,3.7889,0.343,0.074,SMC,0.89,0.534602919,5955.250030412836,6150.352393069763,6052.8012117413,599287
596,140518A,-1.55,0.7,3.8047,3.8183,0.383,0.082,SMC,1.21,0.28397061,6378.227416392381,6581.122882388993,6479.675149390687,599287
597,140518A,-1.55,0.92,3.8116,3.8262,0.381,0.108,SMC,1.85,0.063682806,6480.372941922908,6701.931737237644,6591.152339580276,599287
598,140606B,1.56,0.84,6.829,3.8262,0.0,1.67,SMC,1.3,0.2665876147,6745280.276979215,6701.931737237644,3375991.1043582265,Fermi
599,140606B,0.58,0.26,5.4128,5.4224,0.0,0.078,LMC,0.17,0.9520312212,258702.1273464604,264484.3626854359,261593.24501594814,Fermi
600,140629A,0.77,0.71,3.6551,3.6748,0.167,0.089,SMC,1.37,0.2048954817,4519.600000304826,4729.334149186516,4624.467074745671,602884
601,140629A,0.91,0.51,3.6885,3.703,0.111,0.144,LMC,0.3,0.8248153112,4880.901012475759,5046.612975635282,4963.75699405552,602884
602,140629A,1.57,0.53,3.7023,3.7197,0.02,0.053,SMC,0.86,0.5492616528,5038.485348423044,5244.4506128195335,5141.467980621289,602884
603,140629A,1.14,0.14,3.733,3.7482,0.117,0.126,MW,0.18,0.98219707,5407.5432294558095,5600.154387615568,5503.848808535689,602884
604,140629A,1.2,0.29,3.733,3.7524,0.086,0.266,MW,0.82,0.5744259569,5407.5432294558095,5654.575406876214,5531.0593181660115,602884
605,140629A,1.3,0.19,3.7389,3.7586,0.153,0.141,MW,0.66,0.726286219,5481.507340176555,5735.87924842134,5608.693294298948,602884
606,140629A,1.39,0.36,3.7428,3.7618,0.111,0.21,MW,1.4,0.1795191989,5530.953407403111,5778.298856282211,5654.6261318426605,602884
607,140629A,1.44,0.38,3.743,3.7644,0.07,0.221,MW,1.59,0.1126521916,5533.501092157366,5812.9956772538835,5673.248384705625,602884
608,140629A,1.76,0.16,3.7524,3.7698,0.0,0.016,MW,0.43,0.8830595769,5654.575406876214,5885.725452612013,5770.150429744113,602884
609,140629A,0.77,0.64,3.7798,3.7989,0.0,0.007,SMC,1.0,0.4408691574,6022.82161014634,6293.612503885458,6158.2170570159,602884
610,140629A,0.91,0.64,3.7853,3.8025,0.0,0.037,SMC,1.28,0.2563086192,6099.580958722386,6345.999009812872,6222.789984267629,602884
611,140629A,0.92,0.74,3.7896,3.8025,0.0,0.018,LMC,1.7,0.116877715,6160.273583272377,6345.999009812872,6253.136296542625,602884
612,140629A,0.89,0.76,3.7896,3.8084,0.0,1.252,LMC,1.84,0.07588408029,6160.273583272377,6432.799272608504,6296.53642794044,602884
613,140629A,1.48,0.89,3.8112,3.831,0.038,0.095,SMC,1.81,0.06146193587,6474.407045688151,6776.41507610675,6625.411060897451,602884
614,140629A,1.1,0.81,3.8148,3.831,0.071,0.085,SMC,1.38,0.2009171116,6528.298441586141,6776.41507610675,6652.356758846446,602884
615,140629A,1.63,1.3,3.8214,3.831,0.013,0.138,SMC,1.81,0.1072871044,6628.267086082732,6776.41507610675,6702.341081094741,602884
616,140629A,1.74,0.98,3.8214,3.8407,0.003,0.108,SMC,1.23,0.2848679433,6628.267086082732,6929.469698425558,6778.868392254145,602884
617,140629A,-1.08,0.99,3.8025,3.8214,0.234,0.291,LMC,0.68,0.11361732,6345.999009812872,6628.267086082732,6487.133047947802,602884
618,140710A,0.93,0.75,3.327,3.8214,0.631,0.929,MW,0.68,0.6687245678,2123.2444620002193,6628.267086082732,4375.755774041476,603954
619,140801A,0.9,0.54,5.1443,5.1448,0.0,1.71,SMC,1.01,0.415593245,139411.94940347457,139572.54577067675,139492.24758707566,Fermi
620,141121A,-1.84,0.1,5.183,5.1963,0.373,0.013,SMC,0.01,0.999844506,152405.27537972908,157144.79472806535,154775.0350538972,619182
621,141220A,0.43,0.38,2.3066,2.3259,0.377,0.094,SMC,0.58,0.9396451938,202.58160145013568,211.78734207237056,207.18447176125312,621915
622,141220A,0.49,0.38,2.3164,2.3377,0.357,0.095,SMC,0.63,0.9105293315,207.2048897759003,217.6205983185727,212.41274404723652,621915
623,141220A,0.44,0.41,2.3187,2.3377,0.372,0.102,SMC,0.69,0.8512243936,208.30514650217472,217.6205983185727,212.9628724103737,621915
624,141220A,0.39,0.36,2.3212,2.341,0.387,0.092,SMC,0.63,0.9080153207,209.50770523651806,219.28049353504497,214.39409938578152,621915
625,141220A,0.38,0.35,2.3212,2.3422,0.391,0.09,SMC,0.6,0.9306693461,209.50770523651806,219.88722577531,214.697465505914,621915
626,141220A,0.5,0.38,2.3237,2.3444,0.368,0.094,SMC,0.61,0.9206668216,210.71720641819806,221.00393173491838,215.86056907655822,621915
627,141220A,0.45,0.45,2.6419,2.663,0.409,0.114,SMC,0.57,0.9556725418,438.4297339745673,460.25657358135584,449.34315377796156,621915
628,141220A,1.06,0.12,2.7689,2.7897,0.512,0.068,MW,0.75,0.7705819112,587.354093680082,616.1692202002785,601.7616569401803,621915
629,141220A,1.06,0.11,2.7706,2.7913,0.504,0.067,MW,0.72,0.8008006046,589.6577351462565,618.4434582271281,604.0505966866923,621915
630,141220A,1.07,0.1,2.7723,2.793,0.516,0.062,MW,0.63,0.8939069955,591.9704116460877,620.8690342300638,606.4197229380757,621915
631,141220A,1.07,0.1,2.7732,2.793,0.525,0.062,MW,0.63,0.8880429692,593.1984396649729,620.8690342300638,607.0337369475183,621915
632,141220A,1.08,0.1,2.7753,2.795,0.519,0.065,MW,0.69,0.8339813172,596.0737545096847,623.7348354824192,609.9042949960519,621915
633,141220A,1.08,0.1,2.7774,2.7962,0.508,0.062,MW,0.62,0.8976131324,598.9630064029512,625.4606617424877,612.2118340727195,621915
634,141220A,1.08,0.1,2.7774,2.7978,0.498,0.061,MW,0.62,0.9009026101,598.9630064029512,627.7691938382178,613.3661001205845,621915
635,141220A,1.08,0.1,2.779,2.7993,0.492,0.061,MW,0.62,0.9046669996,601.1737374832779,629.9411805485587,615.5574590159183,621915
636,141220A,1.09,0.09,2.779,2.8001,0.493,0.06,MW,0.59,0.9267462727,601.1737374832779,631.1026445054065,616.1381909943423,621915
637,141220A,1.07,0.1,2.7807,2.8009,0.494,0.06,MW,0.6,0.9193048844,603.5315805032602,632.2662499296875,617.8989152164738,621915
638,141220A,1.13,0.08,2.7828,2.8025,0.516,0.052,MW,0.46,0.9812734519,606.4569815101366,634.5999009812872,620.528441245712,621915
639,141220A,-1.02,0.86,2.3092,2.3284,0.323,0.341,LMC,0.64,0.514418074,203.79803862870568,213.01000374112502,208.40402118491534,621915
640,141220A,-1.13,0.8,2.3103,2.3318,0.335,0.318,LMC,0.59,0.53938953,204.3148814517167,214.68415893607406,209.49952019389536,621915
641,141220A,-0.95,0.92,2.3141,2.3341,0.316,0.363,LMC,0.72,0.439461459,206.1104445472489,215.82413053688617,210.96728754206754,621915
642,141220A,-0.95,0.87,2.3151,2.3365,0.314,0.348,LMC,0.7,0.443985755,206.5855781922722,217.02012035683532,211.80284927455375,621915
643,141220A,-1.2,0.92,2.3237,2.3422,0.343,0.367,LMC,0.65,0.433329965,210.71720641819806,219.88722577531,215.30221609675402,621915
644,141220A,-1.24,0.87,2.3243,2.3456,0.356,0.346,LMC,0.62,0.419421419,211.00852418604833,221.61543259597204,216.3119783910102,621915
645,141220A,-1.26,0.86,2.4573,2.4778,0.365,0.34,LMC,0.52,0.684388667,286.61571574642016,300.46922720409424,293.54247147525723,621915
646,141220A,-0.91,0.91,2.4589,2.4778,0.32,0.363,LMC,0.51,0.811810022,287.67359455385423,300.46922720409424,294.07141087897423,621915
647,141220A,-1.21,0.94,2.4667,2.4867,0.349,0.378,LMC,0.63,0.55263543,292.88693550290157,306.6902715162308,299.7886035095662,621915
648,141220A,-1.27,1.01,2.4676,2.4867,0.359,0.402,LMC,0.66,0.497476296,293.49452222697926,306.6902715162308,300.09239687160505,621915
649,141220A,-1.2,1.11,2.6385,2.6587,0.35,0.441,LMC,0.64,0.673703148,435.01076063069706,455.72200558864705,445.36638310967203,621915
650,141220A,-1.28,1.17,2.6396,2.6603,0.361,0.465,LMC,0.71,0.547063205,436.11397139306484,457.40404403004266,446.75900771155375,621915
651,141220A,-1.31,1.17,2.6408,2.6603,0.367,0.463,LMC,0.7,0.527566903,437.3206651696451,457.40404403004266,447.3623545998439,621915
652,141220A,-1.38,0.56,2.763,2.7836,0.0,0.236,LMC,0.83,0.496934009,579.428696426881,607.5751461057412,593.501921266311,621915
653,141220A,-1.38,0.55,2.7655,2.7848,0.0,0.233,LMC,0.79,0.647013764,582.7737747963682,609.2562597496564,596.0150172730123,621915
654,141220A,-1.38,0.53,2.7672,2.7865,0.0,0.222,LMC,0.69,0.7242601,585.0594519500057,611.6458029546624,598.352627452334,621915
655,150120B,2.17,1.71,4.817,2.7865,0.058,0.492,LMC,1.54,0.1413328207,65614.52663029057,611.6458029546624,33113.086216622614,627170
656,150206A,2.15,0.66,4.569,2.7865,0.064,0.136,SMC,0.63,0.6770441627,37068.0721782576,611.6458029546624,18839.85899060613,630019
657,150301B,0.74,0.46,4.255,2.7865,0.0,0.31,LMC,0.23,0.9661806236,17988.709151287872,611.6458029546624,9300.177477121268,633180
658,150424A,0.67,0.34,5.1935,5.1947,0.04,1.108,MW,1.78,0.1289220963,156134.9037969651,156566.9170528508,156350.91042490795,638946
659,150424A,0.44,0.08,4.7627,4.7629,0.0,0.566,MW,0.53,0.7506700231,57902.85794746368,57929.52933981773,57916.193643640705,638946
660,150424A,0.16,0.05,4.8279,4.8287,0.555,0.106,LMC,0.04,0.6200574495,67282.1715521547,67406.22411390072,67344.19783302772,638946
661,150514A,0.99,0.3,5.021,4.8287,0.246,0.27,MW,0.41,0.87284015,104954.2428652322,67406.22411390072,86180.23348956645,Fermi
662,150821A,-1.21,0.13,47868.0,4.8287,1.739,0.114,LMC,0.0,0.465747325,inf,67406.22411390072,inf,652847
663,150910A,0.71,0.08,4.874,4.8287,0.011,0.03,LMC,0.0,0.9999912518,74816.95005111537,67406.22411390072,71111.58708250805,655097
664,151027B,-0.59,0.18,53059.0,4.8287,0.114,0.034,LMC,0.06,0.361483438,inf,67406.22411390072,inf,661869
665,160117B,0.53,0.48,4.606,4.8287,0.0,0.208,MW,1.22,0.2932387159,40364.539296760486,67406.22411390072,53885.381705330605,670800
666,160203A,1.01,0.12,2.736,4.8287,0.161,0.039,MW,0.82,0.5528568902,544.5026528424214,67406.22411390072,33975.36338337157,672525
667,160314A,0.9,0.76,5.125,4.8287,0.0,1.011,MW,1.47,0.2085307177,133352.1432163324,67406.22411390072,100379.18366511655,679120
668,160314A,0.93,0.85,4.8197,4.8205,0.0,0.984,LMC,0.91,0.4832672664,66023.72147378005,66145.45374840603,66084.58761109304,679120
669,160425A,1.79,1.14,4.411,4.8205,0.0,0.034,MW,1.31,0.249208201,25763.211570025727,66145.45374840603,45954.33265921588,684098
670,160625B,0.67,0.3,5.992,4.8205,0.0,0.071,LMC,1.28,0.2623449203,981747.9430199844,66145.45374840603,523946.6983841952,Fermi
671,160625B,0.34,0.27,6.028,4.8205,0.079,0.125,MW,0.74,0.6164613218,1066596.1212302567,66145.45374840603,566370.7874893313,Fermi
672,160625B,0.53,0.22,6.062,4.8205,0.064,0.115,MW,1.09,0.368478317,1153453.257821093,66145.45374840603,609799.3557847496,Fermi
673,160625B,0.52,0.32,6.095,4.8205,0.0,0.083,MW,1.84,0.08626543825,1244514.6117713845,66145.45374840603,655330.0327598953,Fermi
674,160625B,0.7,0.48,6.123,6.1395,0.0,0.009,LMC,1.28,0.2219141254,1327394.45772974,1378795.9529688575,1353095.2053492987,Fermi
675,160625B,0.84,0.3,6.1338,6.1498,0.0,0.039,MW,0.69,0.7606824057,1360817.858362455,1411887.1968036585,1386352.5275830566,Fermi
676,160625B,0.84,0.33,6.1394,6.1498,0.0,0.005,LMC,0.44,0.8990114824,1378478.5100164725,1411887.1968036585,1395182.8534100656,Fermi
677,160625B,1.08,0.59,6.2226,6.223,0.0,0.298,SMC,1.8,0.09414117125,1669552.191554301,1671090.614310707,1670321.402932504,Fermi
678,160625B,0.67,0.25,5.742,6.223,0.0,0.01,MW,1.7,0.1172148885,552077.4392807573,1671090.614310707,1111584.026795732,Fermi
679,160625B,1.15,0.72,6.2606,6.2668,0.0,1.796,LMC,0.7,0.6687685841,1822216.605668786,1848417.1953696557,1835316.9005192209,Fermi
680,160625B,0.55,0.2,5.805,6.2668,0.009,0.104,MW,1.33,0.2413850782,638263.4861905483,1848417.1953696557,1243340.340780102,Fermi
681,160625B,1.15,0.61,6.2606,6.2768,0.0,8.522,LMC,0.51,0.8703837771,1822216.605668786,1891472.3628330135,1856844.4842508999,Fermi
682,160625B,0.62,0.32,5.908,6.2768,0.0,0.047,LMC,2.01,0.0605344121,809095.8991783829,1891472.3628330135,1350284.1310056983,Fermi
683,160625B,-0.27,0.11,4.6847,4.6939,0.0,0.009,MW,0.0,0.99999998,48383.802865115926,49419.688084783804,48901.745474949865,Fermi
684,160625B,-0.88,0.09,6.6189,6.6194,0.607,0.047,MW,0.01,0.99999938,4158148.545615801,4162938.54786145,4160543.5467386255,Fermi
685,161023A,0.51,0.08,4.9864,4.9917,0.058,0.011,SMC,1.63,0.06976262212,96917.00839472904,98107.00097431974,97512.00468452439,INTEGRAL
686,161023A,0.63,0.07,5.2511,5.2538,0.059,0.009,SMC,0.61,0.8069472103,178278.92225796691,179390.7311734205,178834.8267156937,INTEGRAL
687,161023A,0.76,0.12,4.58,4.5926,0.0,0.145,LMC,0.08,0.98904325,38018.93963205613,39138.1235612212,38578.53159663866,INTEGRAL
688,161023A,0.58,0.05,4.9593,4.9662,0.053,0.007,SMC,0.81,0.7386150523,91054.2035595527,92512.41112525512,91783.30734240392,INTEGRAL
689,161023A,0.56,0.05,4.9593,4.9716,0.055,0.008,SMC,1.34,0.09165643667,91054.2035595527,93669.88779521153,92362.04567738212,INTEGRAL
690,161023A,-0.46,0.01,4.601,4.6133,0.181,0.001,SMC,0.0,0.999998952,39902.4902362142,41048.75598336483,40475.623109789514,INTEGRAL
691,161023A,-0.5,0.12,4.6832,4.6883,0.199,0.015,SMC,0.07,0.990282111,48216.97939006183,48786.53791974776,48501.7586549048,INTEGRAL
692,161023A,-0.5,0.09,4.6832,4.6944,0.199,0.01,SMC,0.04,0.999284676,48216.97939006183,49476.61736816762,48846.79837911473,INTEGRAL
693,161108A,2.18,0.38,4.491,4.6944,0.125,0.282,LMC,0.05,0.995903822,30974.19299216578,49476.61736816762,40225.4051801667,721234
694,161219B,0.85,0.09,6.4698,6.471,1.439,0.55,SMC,0.85,0.5587870516,2949850.4574842416,2958012.4665515465,2953931.462017894,727541
695,161219B,0.57,0.2,6.6456,6.6459,3.893,0.85,MW,1.85,0.07337024561,4421809.210742687,4424864.74355665,4423336.977149669,727541
696,161219B,1.83,0.21,6.5633,6.5633,0.135,0.689,MW,1.79,0.1119809084,3658474.227939712,3658474.227939712,3658474.227939712,727541
697,161219B,-0.33,0.17,5.8527,5.8541,2.846,0.481,LMC,1.86,0.09999608,712360.7787355005,714660.8638768425,713510.8213061716,727541
698,161219B,-0.15,0.05,59911.0,5.8541,1.263,0.149,SMC,0.39,0.813446456,inf,714660.8638768425,inf,727541
699,170113A,0.76,0.18,4.754,5.8541,0.032,0.065,MW,1.3,0.2525984897,56754.460540854656,714660.8638768425,385707.6622088486,732526
700,170214A,0.78,0.3,4.8,5.8541,0.139,0.071,SMC,0.63,0.7355398246,63095.7344480193,714660.8638768425,388878.2991624309,Fermi
701,170519A,1.45,0.09,4.3544,4.3635,0.234,0.106,MW,0.44,0.8779223091,22615.177461083626,23094.044589192716,22854.61102513817,753445
702,170519A,1.27,0.55,4.3544,4.3716,0.0,0.011,SMC,1.31,0.2250883928,22615.177461083626,23528.812019381683,23071.994740232654,753445
703,170519A,1.2,0.75,4.3621,4.3756,0.0,0.003,MW,1.17,0.3076844258,23019.718049853567,23746.52143651677,23383.11974318517,753445
704,170531B,-0.48,0.27,4384.0,4.3756,0.143,0.04,SMC,0.51,0.797794294,inf,23746.52143651677,inf,755354
705,170705A,0.42,0.2,3.6852,3.704,0.253,0.061,MW,1.63,0.07508267996,4843.953885478403,5058.246620031143,4951.1002527547735,760064
706,170705A,0.77,0.15,3.7035,3.7124,0.149,0.046,MW,0.65,0.7320728066,5052.4264494015615,5157.034063026461,5104.730256214011,760064
707,170705A,0.74,0.17,3.7035,3.7225,0.145,0.049,MW,1.04,0.4064172692,5052.4264494015615,5278.37206781577,5165.399258608666,760064
708,170705A,0.76,0.22,3.7118,3.727,0.125,0.05,SMC,1.44,0.1635370509,5149.914276478671,5333.348954876208,5241.631615677439,760064
709,170705A,0.51,0.19,3.7744,3.7916,0.2,0.055,MW,1.33,0.1793233741,5948.397740692212,6188.708114190298,6068.552927441255,760064
710,170705A,0.71,0.22,3.7837,3.7989,0.156,0.062,MW,1.45,0.1356283184,6077.15061560915,6293.612503885458,6185.381559747304,760064
711,170705A,0.3,0.21,3.8033,3.8171,0.256,0.052,SMC,1.99,0.06287103427,6357.699545271866,6562.9636672922,6460.331606282032,760064
712,170705A,0.47,0.25,3.8171,3.8305,0.231,0.06,SMC,1.83,0.05722387233,6562.9636672922,6768.6179291974595,6665.79079824483,760064
713,170705A,0.62,0.21,3.8217,3.8305,0.185,0.051,SMC,1.13,0.3364394255,6632.847312550216,6768.6179291974595,6700.732620873838,760064
714,170705A,0.48,0.15,3.8217,3.8399,0.214,0.043,SMC,1.04,0.408783162,6632.847312550216,6916.716892895647,6774.782102722931,760064
715,170705A,0.24,0.24,3.8807,3.8937,0.261,0.066,MW,1.41,0.1526604577,7598.012435158516,7828.886556130138,7713.449495644327,760064
716,170705A,0.61,0.19,3.8937,3.915,0.195,0.055,MW,1.44,0.112184148,7828.886556130138,8222.426499470712,8025.6565278004255,760064
717,170705A,0.6,0.16,3.9458,3.9658,0.184,0.048,MW,1.16,0.2760054923,8826.733207212583,9242.724327301174,9034.728767256878,760064
718,170705A,0.53,0.19,3.9505,3.9704,0.212,0.055,MW,1.47,0.08184532492,8922.776195878267,9341.142557364794,9131.95937662153,760064
719,170705A,0.46,0.19,3.9563,3.975,0.236,0.054,MW,1.42,0.09836248504,9042.739083117836,9440.608762859236,9241.673922988535,760064
720,170705A,0.21,0.17,3.9611,3.9798,0.314,0.051,MW,1.27,0.1853034577,9143.237480570986,9545.528969328621,9344.383224949805,760064
721,170705A,0.24,0.19,3.9655,3.9798,0.316,0.057,MW,1.27,0.2072005213,9236.341884196305,9545.528969328621,9390.935426762462,760064
722,170705A,0.31,0.18,3.9795,3.9971,0.302,0.054,MW,0.96,0.4930607204,9538.937428415446,9933.44748170826,9736.192455061853,760064
723,170705A,0.35,0.18,3.9879,4.0015,0.29,0.053,MW,0.91,0.5565795618,9725.232662363469,10034.598491478393,9879.915576920932,760064
724,170705A,0.2,0.19,3.9879,4.006,0.33,0.057,MW,1.37,0.1255491858,9725.232662363469,10139.1138573668,9932.173259865134,760064
725,170705A,0.28,0.2,3.9923,4.0111,0.307,0.058,MW,1.37,0.124439517,9824.263447582707,10258.881185266031,10041.572316424368,760064
726,170705A,0.43,0.18,4.0471,4.0636,0.224,0.047,SMC,1.35,0.1328102477,11145.51138931604,11577.105741152709,11361.308565234374,760064
727,170705A,0.69,0.18,4.0508,4.0667,0.165,0.049,SMC,1.34,0.1361545191,11240.871934697292,11660.03891851448,11450.455426605886,760064
728,170705A,0.56,0.18,4.0548,4.0713,0.197,0.047,SMC,1.18,0.2535861085,11344.882442111657,11784.197159331365,11564.539800721512,760064
729,170705A,0.45,0.2,4.0588,4.0748,0.244,0.053,SMC,1.17,0.2788566453,11449.855346901883,11879.550279416511,11664.702813159198,760064
730,170705A,0.45,0.19,4.0588,4.0774,0.242,0.051,SMC,1.11,0.3370489381,11449.855346901883,11950.88314736272,11700.369247132301,760064
731,170705A,0.55,0.19,4.0622,4.0816,0.185,0.05,SMC,1.18,0.2605790935,11539.84565005087,12067.01909593275,11803.43237299181,760064
732,170705A,0.72,0.23,4.0665,4.0816,0.137,0.062,SMC,1.31,0.1809309131,11654.67050837196,12067.01909593275,11860.844802152355,760064
733,170705A,0.75,0.21,4.0665,4.0877,0.128,0.056,SMC,1.24,0.2062840683,11654.67050837196,12237.705564718282,11946.188036545122,760064
734,170705A,0.58,0.2,4.0667,4.0877,0.152,0.053,SMC,0.93,0.540977013,11660.03891851448,12237.705564718282,11948.87224161638,760064
735,170705A,0.57,0.23,4.071,4.0877,0.158,0.06,SMC,1.05,0.4024464004,11776.059735208066,12237.705564718282,12006.882649963174,760064
736,170705A,0.7,0.29,4.0748,4.0877,0.107,0.076,SMC,1.15,0.3109853332,11879.550279416511,12237.705564718282,12058.627922067397,760064
737,170705A,0.73,0.26,4.0774,4.0877,0.094,0.071,SMC,0.98,0.465341786,11950.88314736272,12237.705564718282,12094.2943560405,760064
738,171010A,1.04,0.3,5.4777,5.4778,0.216,0.729,MW,1.96,0.09720773669,300400.0495724225,300469.2272040945,300434.6383882585,Fermi
739,171010A,0.4,0.01,6.342,5.4778,1.461,0.014,SMC,0.0,0.9999995538,2197859.872784823,300469.2272040945,1249164.549994459,Fermi
740,171205A,0.39,0.23,3.113,5.4778,0.0,15.893,SMC,0.97,0.4452194105,1297.1792709839558,300469.2272040945,150883.20323753924,794972
741,171205A,2.23,0.07,4.886,4.901,2.14,0.82,SMC,0.09,0.9848153766,76913.04402866098,79615.93504173183,78264.48953519641,794972
742,171205A,2.06,0.33,4.893,4.91,3.694,3.754,SMC,2.28,0.05852471071,78162.78045883293,81283.05161640995,79722.91603762144,794972
743,180205A,0.64,0.07,4.884,4.91,0.042,0.019,SMC,0.15,0.988653293,76559.6606911257,81283.05161640995,78921.35615376782,808625
744,180325A,1.13,0.08,4.988,4.91,0.147,0.027,MW,0.04,0.9972468341,97274.72237769661,81283.05161640995,89278.88699705328,817564
745,180418A,-0.58,0.14,3.5745,3.5857,0.105,0.068,MW,1.06,0.386474422,3754.0495447208405,3852.1217059810283,3803.0856253509346,826428
746,180510B,1.47,0.39,4.048,3.5857,0.0,0.087,MW,1.87,0.07071773765,11168.632477805611,3852.1217059810283,7510.37709189332,831816
747,180620B,0.97,0.31,4.688,3.5857,0.207,0.161,SMC,0.87,0.5315499389,48752.8490103386,3852.1217059810283,26302.485358159814,843211
748,180914B,1.2,0.15,5.2688,5.287,0.042,0.055,LMC,0.11,0.9900169194,185694.91014904605,193642.19639466068,189668.55327185337,AGILE
749,180914B,1.25,0.02,5.2765,5.287,0.013,0.004,MW,0.0,0.9999882618,189016.62311869016,193642.19639466068,191329.40975667542,AGILE
750,190114C,0.69,0.42,6.3709,6.3722,0.976,0.385,SMC,0.6,0.7296045414,2349091.8601803654,2356134.07393385,2352612.967057108,883832
751,200524A,0.88,0.23,4.7767,4.7848,0.0,0.095,MW,0.83,0.564195468,59799.83697142513,60925.625974965566,60362.73147319535,Fermi
752,200829A,0.16,0.03,4.3789,4.3943,0.171,0.054,MW,0.16,0.9564869659,23927.647385277458,24791.339913758693,24359.493649518074,993768
753,201015A,0.63,0.22,2.3385,2.3447,0.295,0.199,SMC,0.14,0.9828234743,218.02183971859444,221.15664858298825,219.58924415079133,1000452
754,201015A,0.4,0.4,2.3929,2.4042,0.071,0.368,SMC,0.47,0.8325866571,247.11550750182187,253.62963692377323,250.37257221279754,1000452
755,201015A,0.41,0.34,2.3929,2.4093,0.06,0.311,SMC,0.35,0.9293121101,247.11550750182187,256.6256131321225,251.8705603169722,1000452
756,201015A,0.4,0.35,2.3936,2.4093,0.076,0.321,SMC,0.37,0.8959106603,247.5141318074314,256.6256131321225,252.06987246977695,1000452
757,201015A,1.45,0.46,2.5577,2.574,0.0,3.644,MW,0.47,0.8792343051,361.1602957582318,374.97300224548337,368.0666490018576,1000452
758,201015A,0.49,0.43,3.0031,3.012,0.0,0.603,SMC,0.26,0.9334358356,1007.1635501321346,1028.0162981264734,1017.589924129304,1000452
759,201015A,0.8,0.42,4.8592,4.8732,0.0,0.398,MW,1.21,0.3009672433,72310.27280500624,74679.25899308828,73494.76589904726,1000452
760,201015A,0.9,0.5,4.8634,4.8732,0.178,1.407,MW,1.69,0.1497118233,73012.96749459663,74679.25899308828,73846.11324384245,1000452
761,201015A,-0.3,0.27,2.5092,2.5174,1.328,0.261,SMC,0.15,0.97955411,322.9981240595625,329.15465394706763,326.07638900331506,1000452
762,201015A,-1.41,0.42,3.4639,3.4666,1.868,0.522,SMC,0.21,0.959356322,2910.046977837714,2928.195035574271,2919.121006705993,1000452
763,210104A,2.14,0.06,3.9526,3.9692,0.308,0.048,MW,0.13,0.9864430276,8966.026125642984,9315.367652385738,9140.696889014362,1015873
764,210104A,2.18,0.01,3.9565,3.9692,0.275,0.01,MW,0.0,0.9999663803,9046.904377381195,9315.367652385738,9181.136014883466,1015873
765,210104A,2.91,0.39,4.0333,4.051,0.756,0.237,MW,1.83,0.08838988295,10796.922897016853,11246.049739669268,11021.48631834306,1015873
766,210104A,2.93,0.21,4.0414,4.0566,0.566,0.143,MW,0.49,0.7802868809,11000.185275062217,11392.000621865256,11196.092948463736,1015873
767,210104A,2.85,0.15,4.0414,4.0604,0.49,0.108,MW,0.41,0.8954186293,11000.185275062217,11492.115972032396,11246.150623547306,1015873
768,210204A,1.99,0.26,5.3099,5.3237,0.133,0.16,SMC,1.41,0.1214049513,204126.78712552876,210717.20641819783,207421.9967718633,Fermi
769,210204A,2.1,0.14,5.3099,5.325,0.084,0.047,MW,1.35,0.137170852,204126.78712552876,211348.90398366476,207737.84555459674,Fermi
770,210204A,2.1,0.14,5.3099,5.3252,0.085,0.046,MW,1.32,0.1487358107,204126.78712552876,211446.25616525894,207786.52164539386,Fermi
771,210204A,1.87,0.26,5.3107,5.3252,0.172,0.119,LMC,1.04,0.4084243339,204503.14909898632,211446.25616525894,207974.70263212261,Fermi
772,210204A,2.11,0.28,5.3136,5.3334,0.061,0.127,LMC,1.05,0.3901406514,205873.28767335266,215476.54333634637,210674.91550484952,Fermi
773,210204A,2.21,0.28,5.3136,5.3341,0.009,0.13,LMC,1.15,0.285929173,205873.28767335266,215824.1305368864,210848.70910511952,Fermi
774,210204A,2.27,0.26,5.3136,5.3348,0.011,0.121,LMC,1.11,0.3327075142,205873.28767335266,216172.2784335473,211022.78305345,Fermi
775,210204A,2.35,0.11,5.3144,5.3355,0.0,0.003,MW,0.95,0.5230771842,206252.8697846573,216520.98793079265,211386.92885772497,Fermi
776,210204A,2.38,0.44,5.323,5.3383,0.0,1.016,SMC,1.48,0.1097555157,210377.84397664774,217921.46006602122,214149.65202133448,Fermi
777,210204A,2.39,0.46,5.3237,5.3383,0.0,0.271,SMC,1.52,0.1004074086,210717.20641819783,217921.46006602122,214319.3332421095,Fermi
778,210204A,2.4,0.48,5.3243,5.3383,0.0,0.232,SMC,1.65,0.07072163723,211008.52418604834,217921.46006602122,214464.99212603478,Fermi
779,210420B,0.32,0.1,4.308,5.3383,0.154,0.114,MW,2.24,0.06256551647,20323.57010936221,217921.46006602122,119122.51508769172,1044382
780,210610B,0.65,0.26,4.9861,4.9884,0.004,0.08,SMC,1.63,0.1470543435,96850.08361475433,97364.35697988872,97107.22029732153,1054681
781,210610B,-1.57,0.76,4.1563,4.1722,0.831,0.2,SMC,1.75,0.08180956,14331.775614035501,14866.200985286006,14598.988299660754,1054681
782,210610B,-0.79,0.19,5.1142,5.1321,0.432,0.059,MW,0.77,0.590604698,130076.84661395384,135550.14921730818,132813.49791563101,1054681
783,210610B,-1.97,0.99,5.2492,5.268,0.719,0.335,SMC,0.98,0.43087597,177500.67135006547,185353.16234148105,181426.91684577326,1054681
784,210610B,-1.98,1.6,5.2577,5.268,0.703,0.502,SMC,1.78,0.129943289,181008.92952707558,185353.16234148105,183181.0459342783,1054681
785,210619B,1.58,0.12,4.1263,4.1414,0.562,0.049,LMC,1.13,0.1471417012,13375.191229856062,13848.412777219824,13611.802003537943,1056757
786,210905A,-0.85,0.43,3.9629,3.9763,0.815,0.081,MW,0.45,0.815911147,9181.211669315342,9468.910246508303,9325.060957911823,1071993
787,221009A,0.39,0.07,5.58,5.585,1.003,0.314,SMC,1.17,0.321,380189.39632056124,384591.78204535355,382390.5891829574,1126853
